"gene","Early.lfc","Early.padj","Late.lfc","Late.padj","Middle.lfc","Middle.padj"
"ABCB1",-0.389840575932579,0.151760265085353,-0.44904626296433,0.105422192548569,-0.525989394729529,0.0619613141842585
"ABCF1",-0.0103580619090664,0.949135332207862,0.205162643404215,0.19338484012302,0.454324804313309,0.00998865785172703
"ABL1",-0.355921581046909,0.150376591825245,-0.454380876998654,0.0547549257006871,-0.328378283967273,0.324435817881933
"ADA",0.50480443267635,0.0399369269283239,0.266805333388525,0.324123902743856,0.246162995334595,0.41182223079558
"AGER",-0.0993559904209249,0.0776650690793959,-0.0568437861157314,0.335242556861147,-0.133483600316112,0.0386932251268037
"AHR",-0.466584126550959,0.0932610088007443,-1.27542529002139,5.02984588599957e-07,-0.914449375857551,0.00518057984819224
"AICDA",-0.0703497592003135,0.717529291149178,-0.354530000597749,0.0362466609313948,0.0403699533194004,0.881963706692144
"AIRE",-0.0841692090249992,0.0195046970696043,0.0212562406896888,0.569797418419513,-0.0553835735106976,0.215837243906167
"AKT3",-0.371662424458883,0.0787203544767264,-0.326943131146594,0.147260438978382,-0.530560527481644,0.0411813538613625
"ALAS1",0.216417125757468,0.209700577747833,0.0681075070084027,0.735447592344751,0.138388732591999,0.544676412779019
"ALOX12",-0.070837377374346,0.0399369269283239,0.034588072340342,0.335242556861147,-0.0420517418600443,0.328974653039415
"ALOX15",-0.070837377374346,0.0399369269283239,0.034588072340342,0.335242556861147,-0.0420517418600443,0.328974653039415
"ALOX5",0.0519130710217572,0.88989155507052,0.848605269015265,0.0124926178001791,-0.581776517340134,0.0876170884863818
"ANP32B",-0.446870163194461,0.0179225921380124,0.481464475534185,0.00726649636816494,-0.188117918453186,0.406527975410602
"APOE",0.011240840479374,0.853138293625697,0.0360001842525266,0.546519569120886,-0.0420517418600443,0.557975942924693
"APP",0.370417824435172,0.0259765438911473,0.703711452435167,1.4270058251208e-05,0.577094736694349,0.00254447817206252
"AREG",-0.0639626111808278,0.369986210090592,0.028377681833633,0.73221267800444,-0.104457918352895,0.241862063514348
"ARG1",-0.0886555414759851,0.259121219242276,-0.110092118929542,0.14168491828665,-0.186731933129925,0.0206738395211291
"ARG2",0.87949814844182,0.0293373933966701,0.898647534139364,0.0209648606993431,1.03772757169952,0.027955269743256
"ARHGDIB",-0.543147335455767,0.000661141242821603,-0.00138070825652115,0.996263033183914,-0.645894947571641,0.000395346537256445
"ATF2",-0.199715913059471,0.125849655126403,-0.122209874442435,0.375551291285544,-0.169094935309866,0.328974653039415
"ATG10",-0.149875788641836,0.269599979980706,-0.171497528799066,0.254392614183261,-0.118812117554284,0.487010330728839
"ATG12",0.173539087998375,0.148415284193204,0.222893785024921,0.0763746086653455,0.207682937275818,0.18118792086038
"ATG16L1",-0.262739133748456,0.180698985716538,-0.405176246064116,0.0268537181407039,-0.140257792286223,0.600479712263714
"ATG5",0.139696387012787,0.454319322533372,-0.0825612007169934,0.701642043165209,-0.208237807676634,0.378742242689644
"ATG7",-0.111096518896225,0.488261378972007,-0.449972625841659,0.00162450323739039,-0.508463672202256,0.000800613998641755
"ATM",-0.694900420724075,0.00721897658557747,-0.538192529979968,0.0304137573044476,-1.01169698598852,0.000800613998641755
"B2M",0.78252624677816,5.00089526247694e-05,0.565541980099786,0.00162450323739039,0.829455484090433,0.000210674934894818
"B3GAT1",-0.070837377374346,0.0399369269283239,0.034588072340342,0.335242556861147,-0.0420517418600443,0.328974653039415
"BAD",-0.076172562585854,0.0347316074598998,0.029252887128834,0.421188072295722,-0.0473869270715523,0.309179491309182
"BATF",0.340700810347396,0.096794200191388,0.819072287265413,7.12971612875169e-05,0.33356280182181,0.223507204012707
"BATF3",0.948747023359322,2.22575559144389e-05,0.0957904161568912,0.689407783836559,0.803263924933388,0.00165302593287349
"BAX",-0.0654113841492059,0.583714771718291,0.455566520419904,0.000192473142320759,0.378026902206047,0.0116679808632047
"BCAP31",0.0200450150103517,0.897909267886306,0.378523883010818,0.00761476750106273,0.470324013066454,0.00641461406600696
"BCL10",0.207940585571722,0.286633448768732,-0.228852024633349,0.299720397911415,-0.15073485812148,0.557975942924693
"BCL2",-0.430701003175665,0.111725630200521,-0.0767458919332835,0.804157899706408,0.0531573874336271,0.883003874278481
"BCL2L1",-0.0365551731305516,0.939015439906599,0.156690075722953,0.758265459174574,-0.518310589905033,0.354840886951356
"BCL2L11",-0.202062645935371,0.222774487728362,0.0960484529068459,0.596869901163638,-0.087884370750599,0.695010908553141
"BCL3",0.221422980010031,0.276909862345416,0.0410977794556331,0.848380574279237,-0.305643096652715,0.132833685970221
"BCL6",0.575903382523046,0.0600053985348347,0.348431265321192,0.319311674131105,0.616441297065711,0.111098664484415
"BID",0.788479738821444,1.82581620755898e-07,0.579820517459082,3.0537756068873e-05,0.59664258454816,0.000395346537256445
"BIRC2",0.212775109864154,0.153802198509653,0.0741750796500593,0.658253393610879,-0.155777901939784,0.410844073399735
"BLK",-0.0979922487377198,0.00630256001311618,0.0086977236204806,0.818555103486052,-0.0692066132234181,0.105487515706437
"BLNK",-0.205977503430738,0.420750133545232,-0.679780665011726,0.00328385723490841,-0.171189677703275,0.616367041122736
"BST2",1.97441205087424,1.03297307723756e-15,1.5470589639405,1.97591769022473e-12,2.10605888172416,5.54064106335008e-14
"BTK",0.576590138176887,0.00446556834874873,0.0290031283577035,0.887889503970711,0.428556411370701,0.0788552766882762
"BTLA",-0.669215474078337,0.00364646548415143,-0.953466636845663,1.95705336621301e-05,-0.822423889982263,0.00211637738908386
"C10orf54",0.775780651282037,0.00336832443104862,0.507592004903859,0.0460287062374884,0.479359397312495,0.133436407828995
"C14orf166",-0.121918750422461,0.378782131163584,0.255142432782504,0.0820759811443633,-0.105158375297707,0.569094471348372
"C1QA",-0.131755367873834,0.00446556834874873,-0.0263299181591456,0.58602209184175,-0.102969732359532,0.0534156533634083
"C1QB",-0.0483499569702603,0.379238915711069,0.0794424760012635,0.187074466481844,-0.0420517418600435,0.555000901722979
"C1QBP",-0.172406066010861,0.520855031417425,0.02057011899287,0.95126022325144,-0.17505050616092,0.632940794700405
"C1R",-0.070837377374346,0.0399369269283239,0.034588072340342,0.335242556861147,-0.0420517418600443,0.328974653039415
"C1S",-0.070837377374346,0.0399369269283239,0.034588072340342,0.335242556861147,-0.0420517418600443,0.328974653039415
"C2",0.18724590719393,0.12109580448533,0.863568692281779,2.25695953908899e-06,1.1654467097214,3.52021699329432e-05
"C3",-0.0849460688134815,0.125834350133598,0.0272023578095402,0.661919441100395,0.0664441203909449,0.424416620514513
"C3AR1",0.982876486144575,0.00291260788310267,1.87329549830216,1.9846181114671e-08,1.59914364882442,2.85606229711136e-05
"C4A",0.0067196100927065,0.92718678496092,0.034588072340342,0.562424944636281,0.0883848712630781,0.327720344357396
"C4B",-0.148160886483964,0.508486829444176,-0.204200649987858,0.378783164870943,0.16190998502598,0.612302501659257
"C4BPA",-0.196126325380035,0.0369728426597327,-0.126413889150133,0.189072867650386,-0.0396694332223371,0.765471622918313
"C5",-0.0731640626741683,0.0399369269283239,0.0322613870405197,0.373610784562168,-0.0443784271598666,0.328974653039415
"C5aR1",0.696409248354433,0.0159674286007131,1.1714890823632,2.69611329812926e-05,1.12932048825576,0.000646535725274851
"C6",-0.141045821123065,0.00101671244740087,-0.0356203714083767,0.410955372224138,-0.112260185608763,0.0229825142418468
"C7",-0.0829955563259794,0.0246061642130954,0.0224298933887086,0.558587296842293,-0.0542099208116777,0.237133762673987
"C8A",-0.306047627081401,0.0886531286132103,-0.27444023632012,0.16220807546062,-0.0453954578014208,0.8728181024689
"C8B",-0.139102904472959,0.117980127814578,-0.120695266144141,0.218593138813298,-0.197335080344524,0.0490718982384623
"C8G",-0.070837377374346,0.0399369269283239,0.034588072340342,0.335242556861147,-0.0420517418600443,0.328974653039415
"C9",-0.170609805749269,0.461564592017001,-0.235209377810894,0.335242556861147,0.0331607835554397,0.929544151045476
"CAMP",0.774033547991966,0.0654928440839796,1.16930273759783,0.00523853088419263,0.385838461257087,0.474726439152148
"CARD9",0.287641392679867,0.181851260985292,0.123782839159237,0.588450557055065,0.350909577282986,0.230426578857103
"CASP1",2.09979748596761,2.22077956419933e-11,0.86239600221703,0.000682095159142818,1.74327814358124,1.67910978910414e-07
"CASP10",1.25423472928546,3.56487247551983e-06,0.622985641283037,0.0142821103863642,0.636076774331517,0.0432690754704843
"CASP2",-0.370417838314445,0.119473643315681,-0.336400521398765,0.189929654293835,-0.146508974713628,0.645712878077087
"CASP3",-0.167058039531678,0.438051790028867,0.134010624247932,0.575016437938223,-0.20316012154813,0.468536182328188
"CASP8",0.167989490416314,0.236723568563237,-0.117596871987738,0.436104224826359,-0.057160574813846,0.764034392512342
"CCBP2",-0.070837377374346,0.0399369269283239,0.034588072340342,0.335242556861147,-0.0420517418600443,0.328974653039415
"CCL1",-0.446232992671862,0.0417606356542586,-0.461756435932798,0.0339506459367761,0.0649846505376077,0.859215128760643
"CCL11",-0.070837377374346,0.0399369269283239,0.034588072340342,0.335242556861147,-0.0420517418600443,0.328974653039415
"CCL13",-0.119888767128887,0.626713562821901,-0.217151250098303,0.360087687301135,-0.108009338788837,0.73028821169
"CCL15",-0.070837377374346,0.0399369269283239,0.034588072340342,0.335242556861147,-0.0420517418600443,0.328974653039415
"CCL16",-0.0901955477812413,0.012400774824517,0.0152299019334468,0.697233304721683,-0.0614099122669396,0.157822476526804
"CCL17",-0.0955480782510687,0.0592420948717947,0.00987737146361933,0.857232241073104,0.0228444523217588,0.779427711251461
"CCL18",-0.0923912618655311,0.0111852762614096,0.0130341878491569,0.746517400758075,-0.0636056263512295,0.143798607881624
"CCL19",0.00725062055030623,0.921115213554629,0.0447967856867777,0.454070047977327,-0.0561604332991799,0.41182223079558
"CCL2",-0.0709606441468367,0.488261378972007,0.299192135468159,0.0779524722642431,0.20956425734232,0.406816735286184
"CCL20",-0.087561106740786,0.466515579678079,-0.095577975712609,0.436216567501295,0.072939674327519,0.721028362151069
"CCL21",-0.276169358743025,0.365628546296974,-0.739002458059132,0.00592667798672691,-0.428425705065777,0.290421317795232
"CCL22",-0.0772323591367767,0.212546392495794,-0.0709869959762912,0.305720587918987,-0.147626810176678,0.0363167275389933
"CCL23",-0.172140465132109,0.237575933533783,2.16068090186309,4.54680694401257e-11,0.149860977809507,0.586103277404673
"CCL24",-0.509350192000653,0.012400774824517,-0.538012289437862,0.00505452194209711,-0.303003901402578,0.260333444861214
"CCL26",-0.107453990827863,0.180744036049876,-0.0438746184159271,0.608360361266358,0.0924142330785793,0.453339228009894
"CCL3",0.0414504918074892,0.861221609823237,1.05270084013195,8.54957110856029e-05,0.531773550969366,0.162890108504164
"CCL4",-0.513043437446218,0.0579969920506194,-0.57449124879307,0.0304145640450567,-0.377969127369344,0.323028035796586
"CCL5",-0.722014573198546,0.0121417449833242,0.0711677403266506,0.816074131055117,-0.275763735833531,0.426054677697185
"CCL7",-0.0289029207266704,0.93551341532229,-0.552643239152594,0.0519158237272361,0.197214666085809,0.646021012791745
"CCL8",0.507131168340496,0.0641207098602903,0.15949849440547,0.372178651103305,0.497931720662139,0.221009532755785
"CCND3",0.48016406300304,0.00488782097067797,0.920843376790826,1.03629561581506e-07,0.651682315195309,0.000972816221502887
"CCR1",0.4275167566698,0.245436468564846,0.135868477671533,0.748189264420202,0.222476089831892,0.652339757419109
"CCR10",-0.070837377374346,0.0399369269283239,0.034588072340342,0.335242556861147,-0.0420517418600443,0.328974653039415
"CCR2",-0.187471974972754,0.500863287353121,0.441661423511762,0.145286896201736,0.439492283437305,0.235014583757429
"CCR3",-0.80329594032262,0.0182390743579445,-1.3908390458293,2.78916226268027e-06,-1.10772823857151,0.00360663443052616
"CCR4",-0.37124959715647,0.164116561408375,-0.987933380646785,2.78357546839592e-05,-0.52167366860757,0.11923624220694
"CCR5",0.174357671652666,0.285050238909619,0.559037043808477,0.00151375648361242,0.316061055387509,0.215312475859237
"CCR6",-0.259367741651266,4.23212301847581e-05,-0.183284376716731,0.00215649476339179,-0.259924190917117,0.00012029513252397
"CCR7",-0.639577572464804,0.0332455118986934,-0.45037361076272,0.163785509892931,-0.798898165639208,0.00595544123366964
"CCR8",-0.070837377374346,0.0399369269283239,0.034588072340342,0.335242556861147,-0.0420517418600443,0.328974653039415
"CCRL1",-0.129421064551079,0.00609043555808708,-0.0482895849515641,0.335242556861147,-0.124929399151945,0.0153250611493614
"CCRL2",1.9546063626717,1.20417413183767e-07,0.425665234877366,0.254392614183261,1.70093714629645,3.45255312771559e-05
"CD14",-0.661697482106434,0.0184422036606427,0.278777312341724,0.341799082649258,-0.0419758529788368,0.916787575202104
"CD160",-0.240524211870499,0.0605795633347943,-0.255249499235178,0.0413854642444141,-0.178599237583279,0.328974653039415
"CD163",1.31630603524529,0.00221804809129028,1.38185108863468,0.00072611183530047,1.86652464527176,0.00020329272208861
"CD164",1.10313086896052,1.68667758136987e-09,0.487715072922528,0.002018243929549,0.680006521484902,0.000464003933442316
"CD19",-0.499298932784429,0.120047727729093,-0.770105769656282,0.0131192223124094,-0.974871803340458,0.00641461406600696
"CD1A",-0.385869461121497,0.218494816894436,-0.651976858126797,0.0225452157640456,-0.287644257131056,0.482509373515128
"CD1B",-0.127299014531431,0.00915792179727895,-0.0402338153407671,0.41203062997428,-0.116873629541153,0.0384142725190716
"CD1C",-0.989682547032945,0.0141859274472881,-1.93386948054524,3.39491790378921e-07,-2.19070406589255,3.4865758115094e-08
"CD1D",0.2173996987814,0.198181877190641,0.286298422299917,0.0861136747791112,-0.0739547354799228,0.641329176846169
"CD1E",-0.213168451493901,0.000198201628906719,-0.107743001779213,0.0578283125136216,-0.1843828159796,0.00266274056732755
"CD2",-0.426789633777183,0.0929420759176315,-0.175080895609276,0.548023490214977,-0.411993303707691,0.163364454050113
"CD207",-0.171236394566338,0.0596324300231871,-0.115684876660574,0.248186357958627,-0.127190662867437,0.235014583757429
"CD209",-0.181203024377876,0.0641207098602903,0.0101707358348309,0.932768638639027,-0.181193825760938,0.125291114438775
"CD22",-0.363398300718294,0.209763164917827,-0.617164995612987,0.0227260057406254,-0.548858145003065,0.111846654449193
"CD24",-0.497089498288249,0.209763164917827,-0.707741209083281,0.0870130575274349,-1.00678502577365,0.0405964495014832
"CD244",-0.564168501230777,0.0120830672942848,-0.321566736248275,0.193868558600062,-0.442909553134554,0.0768168829896608
"CD247",-0.668954516031187,0.0230803582126964,-0.101196833631864,0.755454766688039,-0.335987804015165,0.341543405661401
"CD27",-0.410639128975044,0.127389708435055,-0.247313959840471,0.404891054257243,-0.608591967741631,0.0242128417547888
"CD274",2.42189764028759,1.42030744952511e-10,2.02413091057848,6.8410007001828e-09,2.39097792879686,1.44230930581182e-08
"CD276",-0.113057880100957,0.0308727121569566,-0.0385774077113865,0.467225693661387,-0.115217221911773,0.0432690754704843
"CD28",-0.624394951838492,0.0248325091529422,-0.537406547105401,0.0483268625732581,-0.697159587603404,0.0246732981282058
"CD34",-0.122784475801915,0.00379294320600267,-0.0173590260872265,0.70483046465959,-0.0939988402876129,0.056369921437298
"CD36",0.0061465791042945,0.987257304355072,-0.0609274836238161,0.88677901017745,-0.0131900252057573,0.977073200189663
"CD38",0.549180406221192,0.00635218382285062,0.60422299090115,0.00158393977077249,0.532488065560596,0.0242128417547888
"CD3D",-0.580354005461341,0.0429388673726267,0.182307046433294,0.561805846725333,-0.29637565842379,0.410555254124544
"CD3E",-0.504520573982388,0.043242857622828,0.191849831913,0.474355117496057,-0.127363287662615,0.702966319704364
"CD3EAP",-0.0957122220398716,0.0081672441264028,0.00971322767481642,0.804953097292817,-0.0669265865255699,0.123204296363142
"CD3G",-0.461161052443691,0.0654928440839796,0.0874520828716445,0.758265459174574,-0.139292088345936,0.680092532131174
"CD4",-0.106152732357229,0.0905465752533622,-0.0785338648757863,0.219745715110922,-0.155173679076172,0.0223007352389219
"CD40",-0.601958561069103,0.0399369269283239,-0.661461844528636,0.0166940201377116,-0.571685424414492,0.0836971076154814
"CD40LG",-0.694649754954175,0.000256293245778397,-0.741758928863122,3.82739083042514e-05,-0.849921097883664,6.27324408277163e-06
"CD44",-0.00863320214591035,0.976326206758451,0.0621186542250918,0.817368281097369,-0.684688594897606,0.0183861958197456
"CD46",-0.222766322404242,0.15411203903962,0.214076042040707,0.214356347692247,-0.191180057443365,0.337293532142901
"CD47",0.46139382199622,0.00515797787878489,-0.0217558857653373,0.898748042300726,-0.0706134567287453,0.73028821169
"CD48",0.150959005726021,0.321128518767123,0.0773791120621308,0.649869439570344,-0.0586380217520119,0.774639331349421
"CD5",-0.504280307955467,0.0196240730793998,-0.363579733491064,0.105422192548569,-0.480405285472362,0.0339357600474316
"CD53",0.614199712962067,0.00205153136487084,0.727656360746863,0.000121468525703965,0.757521117484893,0.00106625019277774
"CD55",0.398473164258698,0.0635672862400421,0.838354522978493,0.000105995165143208,0.113213818514184,0.691288563193289
"CD58",0.141674817013238,0.331941813793785,0.0992226883060976,0.538591729298843,-0.0927725095251404,0.638297043089262
"CD59",0.0848478737827056,0.773885314142561,0.639170151792792,0.0290770798204312,0.197658601278578,0.611657686065551
"CD6",-0.442009713576102,0.0349857124431501,-0.38688242654241,0.0618719444719885,-0.216028529563669,0.391438879012258
"CD68",0.31997526952957,0.193491367599325,-0.0463561655950322,0.862402964493065,0.699373445711249,0.0198032529175189
"CD69",-0.124365527453564,0.26366431534709,0.102786032959125,0.481454288975978,0.0705693489995634,0.70523194678481
"CD7",-0.702328488242033,0.0114384202232231,0.088333834785038,0.769210191616681,-0.161753557515475,0.646021012791745
"CD70",-0.0760492987865531,0.0739823031646023,0.0016777426559953,0.974879525904293,-0.0749620715443884,0.14806949528732
"CD74",-0.0401991549704874,0.899300497578886,-0.78537265534986,0.00608652680254805,-0.157259101171604,0.689768264333112
"CD79A",-0.888730989016493,0.00166704955472444,-1.08535723678542,1.86373132767404e-05,-1.31205165168768,4.18879880595437e-07
"CD79B",-0.880407611459712,0.000414917019306568,-1.15306885386536,8.86342351515316e-07,-0.969412622778784,0.000578417203835136
"CD80",0.0461943916872425,0.626713562821901,-0.0514104865047029,0.526948719430489,-0.0184958217503866,0.866962820806776
"CD81",0.156604473466016,0.447364448787966,0.747238203094881,0.000377015205112383,0.258749014268902,0.328974653039415
"CD82",0.0232205351578907,0.939015439906599,0.938259562185093,0.0007728710010523,0.314602880657154,0.372981836073103
"CD83",-0.29739871686215,0.0540214433758582,-0.271645162122935,0.0924712381123258,-0.387072296027075,0.0183861958197456
"CD86",0.488986021172778,0.0599201332185649,0.0954481852438107,0.747118734081589,0.761348018136182,0.0178444104708394
"CD8A",-0.442451606710493,0.0518584572774415,-0.297355930162214,0.235539403628114,-0.229470925921364,0.428732242318355
"CD8B",-0.454204040756698,0.051675732570546,0.697926023997898,0.00439811719995622,-0.556147949420803,0.0405964495014832
"CD9",-0.113599059223107,0.527836384749876,-0.796718257173657,1.86373132767404e-05,-0.527026642708558,0.0183861958197456
"CD96",-0.784078223203358,0.0151129265112161,-0.671703447388827,0.0362466609313948,-0.721776918466386,0.052392589485165
"CD97",0.598156316750504,0.0225445595376451,0.419416927307076,0.11058091219946,0.268643577421841,0.392035058377038
"CD99",-0.106621000180899,0.706784068689844,0.910507960903752,0.00146383795023456,0.570171827347504,0.118180538485594
"CDC42",0.236934471571447,0.0592420948717947,0.228315961839584,0.0779524722642431,0.0131052727513215,0.945063424999502
"CDH5",-0.070837377374346,0.0399369269283239,0.034588072340342,0.335242556861147,-0.0420517418600443,0.328974653039415
"CDKN1A",1.02253634982076,3.1109834724317e-06,0.580431409783214,0.00376917262862846,0.676670506966662,0.00773310662665154
"CEACAM1",-0.218545500847339,0.559919634275328,-0.999455702635577,0.00647749296377012,-1.38420356505678,0.000176400890718877
"CEACAM3",-0.117365825005074,0.0262732909803783,0.0161827632632692,0.777456679072166,-0.0885801894907718,0.166152951774711
"CEACAM6",-0.286629445711176,0.295141645200423,-0.207173207437459,0.46690144958997,0.10157829187108,0.808126072231966
"CEACAM8",-0.540839053392833,0.0541562184220779,-0.537310474595281,0.0536856423223196,-0.872862040248015,0.00182160929324914
"CEBPB",1.48965926578562,7.7650250439197e-05,1.74546841460255,2.08943369429592e-06,1.60350987828971,0.000276025948752846
"CFB",-0.244957172395027,0.128121461441745,-0.187067977227674,0.319969072537015,0.0505860572407979,0.866538918671626
"CFD",0.178318940845207,0.721516103851147,-2.39505400728073,1.51399336039115e-06,-1.37966633434502,0.0183861958197456
"CFH",0.178865549017917,0.509641030107739,-0.200859781443065,0.430862612848212,-0.258995347485383,0.352753782696007
"CFI",-0.070837377374346,0.0399369269283239,0.034588072340342,0.335242556861147,-0.0420517418600443,0.328974653039415
"CFL1",0.276917964956873,0.057231777032015,1.15262330897775,1.62580833046678e-11,0.45119092835322,0.0117370974470149
"CFP",0.362501265741782,0.0896671526395992,0.169233042003457,0.456117261337349,0.187239267759177,0.496396872073411
"CHIT1",-0.070837377374346,0.078873941058945,0.0539953214989524,0.224352529222256,-0.0420517418600443,0.404336173543619
"CHUK",-0.137981873139539,0.331941813793785,-0.0485539511945561,0.769210191616681,0.0641669242922216,0.736265770740106
"CIITA",-0.32531961080128,0.205495945091131,-0.912055139595699,0.000304258026109636,-0.137279623976053,0.691288563193289
"CISH",-0.0497789944130584,0.180698985716538,0.0345880723403393,0.362505014090627,-0.0420517418600435,0.352753782696007
"CLEC4A",0.40060606078262,0.299434263568433,0.533247929398309,0.211406670255582,0.462490807129141,0.343317255625753
"CLEC4E",-0.269985533437247,0.425860072276386,0.0991030296875248,0.799534399539022,-0.705477355340495,0.109189870524234
"CLEC5A",-0.070837377374346,0.488261378972007,0.22944605129314,0.0966094000279718,0.0446526609457614,0.762000962266489
"CLEC6A",-0.210114477764159,0.397503881253128,-0.402270810036107,0.0877385093560018,0.0463180688466256,0.899704691234586
"CLEC7A",1.16088972899847,3.98645082435009e-05,0.333091900255241,0.265323304680507,1.73616153089544,2.23909932505905e-07
"CLU",-0.293188991386849,0.355145968895445,1.29728623906582,5.44530306180951e-05,0.63582848658433,0.114817531418641
"CMA1",-0.458562011921257,0.0833823967813999,-0.14210696145029,0.670028797225602,-0.00561623622797303,0.98749071182646
"CMKLR1",-0.0701730183437164,0.761862235814171,-0.5465088358373,0.0116703174956735,0.431752246035975,0.137208625577649
"CR1",-0.483229057133126,0.0399369269283239,-0.644286683956631,0.00328385723490841,-0.721159532749998,0.00147657068294897
"CR2",-0.579700586747466,0.0293373933966701,-1.19832718364499,1.26618875899465e-06,-0.741791696610505,0.0170863666019752
"CRADD",-0.206131477848409,0.00930580469141661,-0.143563903994945,0.0686475885807551,-0.224855149613576,0.00627816285861011
"CREB1",0.078389995397389,0.59343904102728,-0.284661853815106,0.0698159070076013,-0.132254451533161,0.497863850782159
"CRP",-0.070837377374346,0.0399369269283239,0.034588072340342,0.335242556861147,-0.0420517418600443,0.328974653039415
"CSF1",0.600711377380762,0.00301394299232725,0.206240575366212,0.171226951713546,0.446459573992107,0.0948238294568128
"CSF1R",0.769404997157348,0.0212261640031089,-0.496556125089248,0.147260438978382,0.937435880875276,0.0158475424150714
"CSF2",-0.107552035729411,0.032025065117334,0.0233439286556951,0.664703386157156,-0.078766400215109,0.202750431084533
"CSF2RB",0.404701095179343,0.0205325926174451,0.0213827551046233,0.857232241073104,0.281032382256236,0.230619236200115
"CSF3",-0.422001568452109,0.120849697860673,-0.425100755215172,0.124393492316866,0.0151734409822568,0.970389004083629
"CSF3R",1.00438448284291,0.00353754303832424,0.608618015716083,0.0697105400888795,1.03384330573598,0.0102327402423767
"CTLA4",-0.110689351291558,0.170573153088368,0.486652312604683,0.00243438521783297,-0.0819037157772566,0.41182223079558
"CTNNB1",0.0694568920455545,0.699580684889632,0.00127453889028217,0.996925999222773,-0.254314040504909,0.303088030348515
"CTSC",0.220055985957341,0.389811584499124,0.765344355441465,0.00302843999890167,0.23513782126887,0.483519170915866
"CTSG",-0.0540999552172732,0.666115183559546,0.245988402562828,0.0924712381123258,-0.0420517418600435,0.801641644427762
"CTSS",0.769856325744751,0.000481452895748562,-0.137324559267174,0.535130622409793,0.139497538815975,0.609738981921611
"CUL9",-0.248938607804307,0.0176131392279546,-0.211574451684284,0.04313604077641,-0.288214265884671,0.0080179173309547
"CX3CL1",-0.070837377374346,0.0399369269283239,0.034588072340342,0.335242556861147,-0.0420517418600443,0.328974653039415
"CX3CR1",0.714526926617364,0.111857573097828,-0.678662834745998,0.163768712280142,0.940856681684833,0.098898307358533
"CXCL1",-0.118641641008733,0.00209554078833289,-0.0132161912940454,0.754763877649385,-0.0898560054944317,0.0432690754704843
"CXCL10",3.75656923385741,7.25411071650921e-11,3.07809828196369,3.99204870571952e-09,4.25846711001907,5.13589560311927e-10
"CXCL11",0.41331948883932,0.0583150186767049,0.544502716712731,0.00830045721735172,1.12628139528877,0.00036215217502505
"CXCL12",0.021256323880082,0.899727798014674,-0.0670331635878405,0.545555615559835,0.425278181585094,0.16609830400911
"CXCL13",-0.070837377374346,0.0399369269283239,0.034588072340342,0.335242556861147,-0.0420517418600443,0.328974653039415
"CXCL2",-0.160763135784731,0.0512999124055751,0.0288937895339645,0.777021496431208,-0.0127423169482679,0.938976404572168
"CXCL3",-0.0653334674480313,0.839508187189917,-0.228171232872953,0.486276227772463,0.311291527541828,0.427319596926118
"CXCL5",-0.287417640471788,0.143297744288491,-0.344184892637474,0.0856904706638031,-0.10950822899103,0.706567240129292
"CXCL6",-0.129906291369037,0.0450428151849938,0.0117777142711093,0.86911795520351,-0.0529326431985,0.519362075925445
"CXCL9",-0.0898486058427919,0.0174765014917068,-0.00116057828517668,0.980424546829097,-0.0778003924855621,0.0763195397930677
"CXCR1",0.711835205852289,0.0512999124055751,-0.454150807861458,0.265323304680507,0.425812774073165,0.346400295429072
"CXCR2",0.793923025186784,0.0558076869687661,-0.746357434816026,0.0749324683422777,0.293232750708057,0.588422552165672
"CXCR3",-0.434725717705449,0.108043022590029,-0.551437751449398,0.0319715277980076,-0.239151378020471,0.499058105033493
"CXCR4",-0.443619777973581,0.0560670622775526,-0.49315707912662,0.0348705967687929,-0.323515914558417,0.301914429650598
"CXCR6",-0.137518265412236,0.205495945091131,0.0796529067157392,0.523600521472293,-0.0605446172416988,0.675872077635152
"CYBB",1.19893858243426,4.23460616723875e-05,1.65494310488622,2.58823659154453e-08,1.70428182288079,1.48041480634568e-06
"CYSLTR1",1.05319141859766,3.98645082435009e-05,-0.149968189272842,0.575672895428105,0.129344068638272,0.691288563193289
"CYSLTR2",-0.320070552250886,0.183762621509643,-0.312251685181989,0.25748352838134,-0.336433364638287,0.235014583757429
"DAXX",-0.0981555236275709,0.531342834325395,-0.140491148808152,0.341799082649258,-0.167731610739541,0.372981836073103
"DDIT3",0.730825157798442,0.00101187938989851,0.230955473718789,0.310455520436984,1.07754192086196,6.29081119016245e-05
"DDX50",-0.0116143838131144,0.9642816737696,-0.303112554795876,0.225336626847393,-0.760350124243162,0.00709080005872685
"DDX58",3.43373743704951,2.03160958568495e-19,1.69948487664148,5.8546252985157e-10,2.5379238760872,1.9242995913205e-12
"DEFA1",0.399182983851881,0.566182574283462,1.77640684876142,0.0128297851787603,0.112203065418351,0.913108400042848
"DEFB1",-0.079557430809964,0.249344744257657,0.517805814804876,0.000185687378599148,-0.0728707063529326,0.382485667900951
"DEFB103A",-0.133299428001704,0.00689308941031957,-0.0380331928668403,0.452860225523375,-0.119874094630299,0.0264712685268037
"DEFB4A",-0.0984780366910876,0.441061953096255,0.255880916125998,0.195568354372861,-0.10116898865405,0.521471379726768
"DOCK9",-0.31498809993291,0.0445703728865157,-0.142041628002997,0.415010237552249,-0.140643193742472,0.488171026097584
"DPP4",-0.237490396172597,0.332147801002073,-0.279846178944918,0.310455520436984,-0.203544712196179,0.528784521786728
"DUSP4",-0.135720663396318,0.281546725597974,0.0928256197766748,0.548023490214977,-0.193870495655695,0.194263323365776
"EBI3",-0.0945797594654092,0.0100995064369132,0.0108456902492788,0.783201269089659,-0.0657941239511075,0.136594898712284
"EDNRB",-0.070837377374346,0.0399369269283239,0.034588072340342,0.335242556861147,-0.0420517418600443,0.328974653039415
"EGR1",-0.0677488182136115,0.806550755690989,-0.00348258520396882,0.99441449170235,-0.218706313751936,0.477296237864826
"EGR2",-0.0236432565144167,0.810906121694516,0.10096733844583,0.335242556861147,-0.00691910031303777,0.954561846584091
"EIF2A",-0.278177659018747,0.0939866015313649,-0.0551529540121081,0.77033773241184,-0.0386834768659003,0.866538918671626
"EIF2AK2",2.50440218055402,4.56030796766621e-20,1.4267788502526,4.50377918423868e-12,1.92828847186786,1.98126767073503e-13
"ELK1",-0.370317607155425,0.15411203903962,-0.373841454792498,0.173207608440107,-0.223050839113657,0.535746847184961
"ENTPD1",-0.100190568164918,0.70434522776366,-0.387856404007566,0.110909994382,-0.471028578766021,0.0725642646198815
"EOMES",-0.615282202509613,0.0174765014917068,-0.200137802242095,0.493417245878526,-0.296023152610532,0.378648576594239
"ERCC3",-0.218897560730205,0.256911308910227,-0.276016791689173,0.187708918663221,-0.0621118262508062,0.813693286382889
"ETS1",-0.872592123009083,0.00550758016873648,-0.174360609875775,0.594964940775924,-0.745791297876886,0.0432690754704843
"EWSR1",0.216267627126026,0.0635672862400421,0.415303760312854,0.000356854848102665,0.251814247802399,0.0866929301159941
"F13A1",0.0902321391403564,0.735733163542715,0.705719761835882,0.00789445506488938,0.787814841027508,0.0175166324406583
"FADD",-0.160480808185438,0.441061953096255,-0.0574111991771193,0.81045646405213,-0.351803723217048,0.117011951196909
"FAS",1.6161711042267,2.6006487524606e-08,1.35494592372801,5.65829517303795e-07,1.34642426168352,2.53143312723481e-05
"FASLG",-0.318220302364109,0.211028564365026,-0.667935059532539,0.00319943057790497,-0.219300375809381,0.510080361986588
"FCAR",1.17674002004223,0.00263825394219083,1.61005942492262,2.21509413728888e-05,1.42455338837017,0.0015368447015753
"FCER1A",-0.768924041792184,0.0787203544767264,-1.01320117835229,0.0152860736001171,-0.583337491608472,0.328974653039415
"FCER1G",0.78257840184266,0.00213945993207884,0.983114279424646,5.51681174866272e-05,0.920084037721717,0.00186151862866144
"FCGR1A",0.672862929723657,0.0646629108020444,1.53525747091999,2.57672157858718e-05,1.92371114444268,1.53932598392625e-05
"FCGR2A",0.937359157618642,0.0208826142022194,0.428627569867352,0.321155008932219,0.675687117011002,0.175547550234868
"FCGR2B",1.41899950137556,1.5780626525118e-05,0.405684308035672,0.211919447497507,0.83203844588828,0.0264712685268037
"FCGR3",0.965875385477384,0.00775757983261754,0.01051050158752,0.981036981454126,0.970314651227575,0.023200650678771
"FCGRT",0.0587449341412922,0.791932041082286,-0.231578186286741,0.281435159057339,-0.507107063208881,0.00815860094017805
"FEZ1",-0.107774737489368,0.012400774824517,-0.0305664492512792,0.475471077769037,-0.108618375363848,0.0229825142418468
"FKBP5",0.738497833265987,0.00386484798255921,1.84481279951857,5.61354632825088e-11,1.1070643130018,0.000180962847257573
"FLT1",-0.070837377374346,0.0399369269283239,0.034588072340342,0.335242556861147,-0.0420517418600443,0.328974653039415
"FLT3LG",-0.358858239341704,0.154423916166007,-0.537852055068565,0.0290770798204312,-0.195991498515173,0.560487525017187
"FN1",0.461235270909034,0.327923650708785,0.253094453433729,0.633443430441356,0.363479882409846,0.560876502974221
"FOS",-0.634665790319097,0.217390173158318,-1.6221635798092,0.00162450323739039,-1.29537837518845,0.0407396105156351
"FOXJ1",-0.070837377374346,0.0399369269283239,0.034588072340342,0.335242556861147,-0.0420517418600443,0.328974653039415
"FOXP3",-0.0478365847539655,0.230923113836109,0.0292528871288296,0.486276227772463,-0.0473869270715523,0.340453392997214
"FPR2",0.963122265674479,0.00442515234141936,2.02159374300089,2.63144622977485e-09,1.38661826891457,0.000690874320347236
"FUT5",-0.103810089332621,0.00775757983261754,0.00161536038206744,0.974879525904293,-0.0750244538183189,0.108827994091361
"FXYD2",-0.391033259653495,0.0161064534678774,-0.396569009232238,0.0117962220155343,-0.294647868727568,0.14991144708869
"FYN",-0.203713333423593,0.266458830999563,0.257671378857188,0.199800140142773,-0.118782019523072,0.627290944234771
"G6PD",-0.255654150535849,0.262006770238177,-0.326939429165801,0.155019017626401,-0.307373860686511,0.301914429650598
"GATA3",-0.0901955477812413,0.012400774824517,0.0152299019334468,0.697233304721683,-0.0614099122669396,0.157822476526804
"GBP1",3.02448795528935,2.06490148835871e-15,2.26782296104782,5.46222888875248e-12,2.93485725294836,3.32972786514231e-12
"GFI1",-0.257888284455207,0.0105148008574371,-0.183311550391904,0.0714376321510429,-0.171666157850079,0.132833685970221
"GNAQ",-0.205230736213872,0.27239840525739,-0.714103437042521,0.00015793828572514,-0.620172211363403,0.0065872326905938
"GNAS",0.106832841404541,0.48466369960762,0.573036691102761,0.000258218421487865,0.423910888963682,0.0284158717557245
"GNB1",0.572364869925691,9.61648038323426e-06,0.653146783515778,2.8574795106677e-07,0.555064465805934,0.00018380042206484
"GNGT1",-0.119285238972283,0.112059278093177,-0.0308868993437148,0.719323619418971,-0.03327282410996,0.749474331028047
"GNLY",-0.828739341019087,0.0288250654375234,0.669327010239012,0.0811156670270353,0.407273119482268,0.379139050754891
"GP1BB",0.0588792400272506,0.890712479997261,0.885207489645587,0.0249768990765905,0.619695029416999,0.231090702192616
"GPI",-0.187838298205703,0.469739776230932,0.47366174693863,0.0836612103123998,-0.0862566692188587,0.810246354545651
"GPR183",-0.966161681108948,0.00276188425258696,-1.3271912935693,2.37522368275701e-05,-1.22905510126748,0.000977168163521668
"GRB2",0.269787569738218,0.0523060387263997,-0.0002586034897476,0.998146357559285,0.295585398551486,0.0916331491874811
"GTF3C1",-0.0523534918399555,0.14742581114199,0.034588072340342,0.351515384556679,-0.0420517418600435,0.341543405661401
"GUSB",-0.242011716252618,0.194356858863883,0.165202246312139,0.513196777909539,-0.246546523246541,0.28418489099901
"GZMA",-0.253806948666131,0.469739776230932,1.9283471442673,4.13871008107111e-05,0.31969826712213,0.62086692848475
"GZMB",-0.73678774317443,0.0769851988044165,1.33929092129877,0.002018243929549,0.442083366945806,0.412114603584411
"GZMH",-0.878265337595165,0.0203614539027237,0.0720836789321577,0.857232241073104,0.251399534489394,0.609308103603296
"GZMK",-0.82457756782876,0.0321719029178885,0.370411182160774,0.341799082649258,-0.280355752957616,0.567410809086505
"GZMM",-0.143487017501188,0.0379820426250148,-0.0650220351673996,0.354078966992722,-0.156807603046776,0.0379315891538017
"HAMP",-0.070837377374346,0.0399369269283239,0.034588072340342,0.335242556861147,-0.0420517418600443,0.328974653039415
"HAVCR2",-0.202412076066751,0.180744036049876,0.0683196996910436,0.719323619418971,-0.336167608887272,0.027955269743256
"HDAC3",-0.234396862350389,0.208879068365902,0.216072742661732,0.310605902443761,-0.0144887036490395,0.955294408772408
"HDAC4",-0.100503235052924,0.508486829444176,-0.0601375017749275,0.73221267800444,0.0406233175948643,0.864613680923968
"HFE",-0.102403931540882,0.727121258947758,-0.313740458239632,0.277300510838849,0.413612764796341,0.328974653039415
"HIF1A",0.831049852432205,5.2790082816704e-05,0.949714686702702,2.08943369429592e-06,0.729961579786247,0.00189467472448137
"HLA-A",0.426777791956301,0.180698985716538,0.273615489013672,0.418687927059647,0.48355789406004,0.256217547007856
"HLA-B",0.971163653174603,7.7650250439197e-05,0.558799525988814,0.0142642572879271,0.825392385376016,0.00360663443052616
"HLA-C",0.0397752578438499,0.961987445551649,0.00291694549092725,0.997294443090473,-0.0559956936578399,0.955294408772408
"HLA-DMA",-0.0623779440113008,0.807472751580311,-0.980265229209838,9.05192464291527e-05,-0.167206273922091,0.614284129479305
"HLA-DMB",-0.353002854128659,0.189558811562451,-0.53146643197693,0.035129825273604,-0.27999568682695,0.413510873261852
"HLA-DOB",-0.830760802841361,0.000676721379766955,-1.23611589626371,3.3990514797352e-07,-0.52809174679409,0.0699531779197935
"HLA-DPA1",-0.252472505554833,0.565198084863314,-1.05055316596425,0.0215435428358559,-0.585062147580803,0.328974653039415
"HLA-DPB1",-0.434114595825834,0.299434263568433,-1.1301010486239,0.00775295247419302,-0.764908979056685,0.157822476526804
"HLA-DQA1",-0.688283659271749,0.0529653356505894,-1.34483974034943,0.000144478978255075,-0.865546573764517,0.0460996198293155
"HLA-DQB1",-0.324445071914411,0.345137098711384,-0.918053930179059,0.00638473243191503,-0.547316649267371,0.231949328594473
"HLA-DRA",-0.252537813953484,0.441839713781381,-1.18112984742703,0.00029651442388829,-0.397416626071069,0.340453392997214
"HLA-DRB1",-0.00402598306347812,0.987257304355072,-0.813741020810193,0.00216190716750533,-0.0228547759019886,0.954561846584091
"HMGB1",0.191568783138653,0.272076991227064,0.539223904176756,0.00215649476339179,-0.158034579528456,0.482310341898449
"HMGB2",-0.241195677902747,0.308886373125608,1.27639977597535,3.25356699940951e-07,0.132268648433747,0.680092532131174
"HMGN1",-0.140205100145302,0.445837105536699,0.412064573048355,0.0296678147506475,-0.0382542165109037,0.87999596054118
"HPRT1",-0.0207984894304545,0.929909276352627,0.468305366910656,0.0298256273190385,0.093678958494495,0.739125880362879
"HRAS",-0.070837377374346,0.0399369269283239,0.034588072340342,0.335242556861147,-0.0420517418600443,0.328974653039415
"HSD11B1",-0.0833142016117749,0.0399369269283239,0.00161536038206744,0.974879525904293,-0.0750244538183189,0.130436748170008
"HSH2D",0.643097728422633,0.00123310927913811,-0.447790747412524,0.0188892881585437,0.240224539122721,0.328974653039415
"HSPB1",-0.076172562585854,0.0347316074598998,0.029252887128834,0.421188072295722,-0.0473869270715523,0.309179491309182
"HSPB2",-0.455736839118891,0.119473643315681,-0.901571861864818,0.000897629494482074,-0.018063602122238,0.964971776903768
"ICAM1",-0.13499295934911,0.510002047628198,0.0555038192580968,0.816074131055117,0.173673162063639,0.535746847184961
"ICAM2",0.166016664773327,0.464672607020407,-0.345352535532882,0.170016941982048,-0.0889556560053499,0.774639331349421
"ICAM3",-0.0444506753406699,0.736781857884557,-0.171048634859527,0.164246682842401,-0.293611125629893,0.0153250611493614
"ICAM4",-0.089103752047957,0.44064132586884,-0.285793303780697,0.00328385723490841,-0.362433117981078,0.000450160557339797
"ICAM5",-0.0372106753568211,0.311128613601651,0.0345880723403393,0.353109004141724,-0.0420517418600443,0.343317255625753
"ICOS",-0.477645901161877,0.134068574573922,0.00831690616846892,0.984642322077829,-0.44951905918214,0.301296046514408
"ICOSLG",-0.0769426458846443,0.159816577192656,-0.0298830409723241,0.592126719934939,-0.10652285517271,0.0963498731178899
"IDO1",1.95139073023176,3.35987906928593e-08,2.23356771498521,4.58560151049747e-10,2.37116179703725,1.61364947336736e-08
"IDO2",-0.0687071387607983,0.165123838514149,0.029252887128834,0.588450557055065,0.16619994881202,0.142061851788657
"IFI16",2.30392038876113,6.02965841265834e-17,1.0138448734573,4.46077527535735e-07,1.5514062850894,3.9002777931923e-09
"IFI35",0.841097957978361,6.77554611669681e-10,0.0405390170421107,0.405908725281464,0.408056155030319,0.00542425682029289
"IFI44",3.42793964483487,1.03297307723756e-15,1.99622931656761,2.86656044548326e-09,2.78825802381418,2.23725501419372e-10
"IFIH1",2.99770282446952,1.78762124619962e-18,1.44319751643374,7.47638587005262e-09,2.28351966923848,5.45907326309749e-12
"IFIT1",4.13521606306343,1.9826037027245e-20,2.26751122075442,2.19158457216943e-12,3.42624128763146,1.39939648689684e-14
"IFIT2",5.08030152991976,7.43995894248107e-22,2.73669105297763,1.78132724780149e-13,4.21408352993241,5.38972613856542e-16
"IFIT3",4.10775854102075,8.34885510516726e-21,2.25780944094271,1.32781020827746e-12,3.6313669967866,1.4115659550716e-15
"IFITM1",2.0188448269195,9.12484560172778e-14,1.11692472973711,3.25356699940951e-07,1.51938854244086,4.00006947168673e-08
"IFNA1/13",-0.179946821739446,0.410693564694058,-0.206781675449482,0.360087687301135,-0.327146833861938,0.202431234116589
"IFNA2",-0.172875855912392,0.12109580448533,-0.181681616022679,0.123576355932259,-0.046611048372573,0.791886932659277
"IFNA4",-0.103810089332621,0.00775757983261754,0.00161536038206744,0.974879525904293,-0.0750244538183189,0.108827994091361
"IFNAR1",0.198157619276497,0.268489698328125,-0.183598015537443,0.335434249914066,0.120423267794491,0.615822143055729
"IFNAR2",0.726552052607533,0.000936123286152846,0.660817479443881,0.00135852602650526,0.771896238559969,0.00290613154863396
"IFNB1",-0.0975838545976249,0.189558811562451,-0.0726718874028656,0.341799082649258,-0.0597048065447208,0.569094471348372
"IFNG",-0.076172562585854,0.441658907206361,0.254603369202611,0.0552483685665994,-0.0473869270715523,0.720470963341127
"IFNGR1",0.6343506675956,0.011195373131318,0.501572879404563,0.037062948672699,0.586658917236614,0.0476850764157706
"IFNGR2",0.706554674828435,0.0109335843857931,0.723960896407426,0.00582374664236772,0.947385576557833,0.00352082856156993
"IGF2R",0.642122965167214,0.0331756015393568,0.2281408827353,0.454070047977327,0.892716853869027,0.0122988725487412
"IKBKAP",-0.266369378657803,0.213819436772375,-0.408855304172032,0.0675914742572609,-0.253856800692423,0.349513517903074
"IKBKB",-0.31371212166822,0.143297744288491,-0.282395944424234,0.228160935264882,-0.556914859465615,0.0118304123558058
"IKBKE",-0.289319009818877,0.0399369269283239,-0.250933258389292,0.0869665167088169,-0.299344041447446,0.0484992634319966
"IKBKG",-0.0693268902568027,0.447364448787966,-0.0716724552269286,0.430862612848212,-0.0555552269839295,0.649639186985515
"IKZF1",0.147390025506724,0.32915920416211,0.153864093823739,0.338804988718506,0.0780936628451663,0.702966319704364
"IKZF2",-0.434187667172999,0.103026993179797,-0.284922370986439,0.335242556861147,-0.413823185130628,0.219065022391413
"IKZF3",-0.478110891968099,0.0732615245176736,-0.151189781407494,0.600541713509936,-0.240100537321643,0.485223616843138
"IL10",-0.0748647556355087,0.176258937703239,0.0259914439282705,0.671097408404164,0.0238127711074183,0.791886932659277
"IL10RA",0.422846628996373,0.00550758016873648,0.0501914625018713,0.758661093108255,0.655391548833345,0.000225392910154306
"IL10RB",0.714806279534425,0.000661141242821603,0.653475901662155,0.000943983342049611,0.710830025141332,0.00337951048764972
"IL11",-0.055861188999013,0.314735149579144,0.0708466282658007,0.25748352838134,0.00295045823750595,0.973866886476204
"IL11RA",-0.262306581982012,0.194102930026832,-0.355318875063551,0.0794966504337894,-0.366003982883646,0.091920636156562
"IL12A",-0.0421660387689498,0.262006770238177,0.034588072340342,0.367571852850059,-0.0420517418600443,0.357624004956817
"IL12B",-0.0148557600714909,0.807472751580311,0.0153627155651055,0.796702887028235,0.0124827729847583,0.869218424930783
"IL12RB1",-0.110604502154719,0.498116078243266,-0.223090071654052,0.172637035646997,-0.125474905948244,0.549635949560611
"IL12RB2",-0.250966088174366,0.0284716562574553,0.208604524915453,0.211406670255582,-0.17029809559196,0.207058118498574
"IL13",-0.0900627341495825,0.0160207383160013,0.0153627155651055,0.703754781701166,-0.0612770986352809,0.17784378955369
"IL13RA1",0.846200304993161,0.000665873622693405,0.0660340802310042,0.805939232126567,0.670322095009336,0.0203667873699315
"IL15",0.405366555249807,0.0654928440839796,-0.304829064754859,0.155573788084413,0.589368710806871,0.0318656527380517
"IL16",-0.385996270066551,0.0476069639726848,-0.687350773460942,0.000387275048181272,-0.791426231945717,0.000800613998641755
"IL17A",-0.0588714311916929,0.119967248617853,0.034588072340342,0.378783164870943,-0.0420517418600443,0.369597515705546
"IL17B",-0.038891487369586,0.425508441095173,-0.00995396795637493,0.844691673934721,-0.0865937821567577,0.1300685556199
"IL17F",-0.070837377374346,0.0399369269283239,0.034588072340342,0.335242556861147,-0.0420517418600443,0.328974653039415
"IL17RA",0.714373506712196,0.00153371386571892,0.435008656662598,0.0454088218391011,0.568197328429214,0.0315079697579887
"IL18",-0.512506568344291,0.0440339094061179,0.613954811184186,0.0284150897029139,0.131841946998996,0.720470963341127
"IL18R1",-0.0137198920656827,0.92718678496092,0.800840241955976,0.00195488135611872,-0.0011421306156123,0.994452692496706
"IL18RAP",0.483901740651222,0.0389529212380709,1.44807849501972,3.01973088601215e-09,0.823293936050195,0.0153250611493614
"IL19",-0.0945797594654092,0.0896671526395992,0.0333393997624949,0.588450557055065,0.0238127711074183,0.795476980487789
"IL1A",-0.070837377374346,0.0399369269283239,0.034588072340342,0.335242556861147,-0.0420517418600443,0.328974653039415
"IL1B",0.973280910295736,0.00154060692315362,-0.329682244748183,0.324123902743856,0.545785268411825,0.142336981989143
"IL1R1",-0.0832235247782513,0.797228963218573,0.200246627086897,0.560082863049347,-0.549310861838372,0.0705443269567681
"IL1R2",-0.305219449430522,0.559919634275328,0.663401342302027,0.25748352838134,-1.12669917898353,0.0943367111789713
"IL1RAP",0.415148550532328,0.315280537520937,0.383286639512212,0.383519045493207,0.388758525044818,0.47319822952679
"IL1RL1",-0.555304277639933,0.000572486531115371,-0.543738636520033,0.000513537549305223,-0.627934159136344,0.00012608804151138
"IL1RL2",-0.070837377374346,0.0399369269283239,0.034588072340342,0.335242556861147,-0.0420517418600443,0.328974653039415
"IL1RN",3.07869821459694,5.64908227355953e-13,1.00003859939741,0.00329913425754707,2.26202912699304,1.67566355072811e-07
"IL2",-0.0631629333025225,0.0744899215109723,0.0345880723403393,0.346764173033698,-0.0420517418600443,0.340453392997214
"IL20",-0.070837377374346,0.0399369269283239,0.034588072340342,0.335242556861147,-0.0420517418600443,0.328974653039415
"IL21",-0.434615648449112,0.0793263685783467,0.0901987654174228,0.758265459174574,0.0223994662728604,0.953969656797732
"IL21R",-0.266963622884021,0.212696969123449,0.362094918512876,0.16220807546062,0.0670349167702016,0.841630339532975
"IL22",-0.203624813572365,0.00336587830373896,-0.098199363857681,0.171488019258699,-0.101079306438024,0.237133762673987
"IL22RA2",-0.070837377374346,0.0399369269283239,0.034588072340342,0.335242556861147,-0.0420517418600443,0.328974653039415
"IL23A",-0.126726965602984,0.023989208789094,-0.0459868598511832,0.421188072295722,-0.122626674051569,0.052392589485165
"IL23R",-0.120972657328221,0.023484971715652,-0.0456472603802984,0.401045839436901,-0.122287074580679,0.0405458172374926
"IL26",-0.114238972131516,0.00292775162668061,-0.00881352241682798,0.830094950962459,-0.0854533366172143,0.052392589485165
"IL27",-0.0198550924339678,0.937946738722319,-0.140503265123221,0.502091013577636,0.275386500547243,0.410552751117809
"IL28A",-0.0292711418008871,0.454409851684933,0.0345880723403376,0.389039542595246,-0.0420517418600435,0.378742242689644
"IL28B",-0.076172562585854,0.0347316074598998,0.029252887128834,0.421188072295722,-0.0473869270715523,0.309179491309182
"IL29",-0.165581861177888,0.194710509540817,-0.123428832819073,0.341799082649258,-0.0314802465967299,0.888749786233894
"IL2RA",-0.127095101443844,0.122844861744388,0.367537976477389,0.0125697580083698,-0.0983094659295425,0.335119672485201
"IL2RB",-0.442597468054396,0.0328123230039296,0.133476648897526,0.610193693109047,-0.000882935366488091,0.996928379915831
"IL2RG",-0.602925814195217,0.0105821151426372,0.127559747600134,0.595657825165989,-0.114161922418388,0.702966319704364
"IL3",-0.110881597584873,0.00488782097067797,-0.00545614787018511,0.894750219845876,-0.0820959620705715,0.0766191677131548
"IL33",-0.173983131821466,0.299434263568433,-0.227458790476456,0.203718309238567,-0.00703379373703328,0.976792355363956
"IL4",-0.180138422917707,0.0192127594005003,-0.133755596283741,0.0836612103123998,-0.210395410484127,0.00831770726745635
"IL4R",0.00592527169202217,0.977730783155802,0.0491741463059112,0.809130797832611,-0.136238071454823,0.48558369234276
"IL5",-0.070837377374346,0.0399369269283239,0.034588072340342,0.335242556861147,-0.0420517418600443,0.328974653039415
"IL5RA",-0.0704855545354457,0.48466369960762,-0.148912908363226,0.105098388567136,-0.225552722563612,0.0203667873699315
"IL6",-0.070837377374346,0.559919634275328,0.174709515572718,0.310455520436984,0.0353805551689268,0.844185370156046
"IL6R",0.426417047263925,0.0796445081494738,-0.375070175874948,0.155573788084413,0.424256897182609,0.174533240558435
"IL6ST",-0.343404104040308,0.134450130324528,-0.0282384223123735,0.91253309529947,-0.086455847219062,0.778851601212856
"IL7",-0.284681902858781,0.212546392495794,-0.908667155572562,1.87861533185102e-05,-0.124372675720533,0.689768264333112
"IL7R",-0.845992406312117,0.00775757983261754,-0.879721602299417,0.0035526796198325,-0.747642492220075,0.0449437564607879
"IL8",-1.51648961750907,0.00698951790042333,-0.470272401011449,0.41239428165173,-0.595873243877495,0.376824742264738
"IL9",-0.070837377374346,0.0399369269283239,0.034588072340342,0.335242556861147,-0.0420517418600443,0.328974653039415
"ILF3",-0.336748021286468,0.0997009122980351,0.187760896084136,0.378783164870943,-0.0591606715166328,0.834166650643268
"IRAK1",0.27118112814308,0.137446070920943,0.0339714943690499,0.848380574279237,-0.084139667650895,0.68788817618303
"IRAK2",0.0292666991173558,0.890712479997261,-0.109998274226646,0.536105131733433,0.107722300650017,0.691288563193289
"IRAK3",-0.0652648425175659,0.814993801243918,1.06845379361527,9.31315546601585e-05,0.163243483127502,0.651435736991044
"IRAK4",0.105330832695191,0.559919634275328,-0.170149221236365,0.382148948512395,0.017500984358966,0.950567690792823
"IRF1",1.40804201043343,1.52462877954392e-07,0.783358030644198,0.00103782827220414,1.22088894407051,5.45824831138225e-05
"IRF3",-0.117407391333389,0.408729518791713,0.38490797244021,0.00747955371893015,-0.0299829875710618,0.878697955318991
"IRF4",-0.0823257407217302,0.721516103851147,0.14052357683747,0.577794161998624,-0.205785463553074,0.487968614543254
"IRF5",1.47818838784305,8.31278588340002e-12,0.599908518151678,0.000173658550094191,0.956016751067066,0.000171497829695633
"IRF7",2.10536222563535,3.28973509418367e-11,1.00319696471444,0.000158215910489749,1.95483632468577,1.44230930581182e-08
"IRF8",0.0631782848508529,0.807472751580311,0.0578379691669131,0.835628423119969,-0.133556377787091,0.691288563193289
"IRGC",-0.224883963013345,0.329451076264661,-0.115700185377931,0.645531434859647,-0.316769028873107,0.203314529025908
"IRGM",-0.070837377374346,0.0399369269283239,0.034588072340342,0.335242556861147,-0.0420517418600443,0.328974653039415
"ISG20",2.40904061504801,1.38417074714005e-16,1.1909799909511,1.01693908917401e-07,1.95168692277782,3.20502150962043e-11
"ITGA2B",0.0856085316658088,0.800474949882528,0.88479053931597,0.00636524870940193,0.819992905560676,0.0422365580592513
"ITGA4",-0.15701850421144,0.454409851684933,-0.576103666906063,0.00638473243191503,-0.466544744091605,0.0797328263995554
"ITGA5",0.274384766496773,0.295141645200423,-0.275583682388138,0.335242556861147,-0.133196407442444,0.705266560587122
"ITGA6",-0.703250892952942,0.0081672441264028,-0.259721659501958,0.360087687301135,-0.393240799702776,0.267765439461842
"ITGAE",-0.070837377374346,0.0399369269283239,0.034588072340342,0.335242556861147,-0.0420517418600443,0.328974653039415
"ITGAL",0.380026599496048,0.0328123230039296,0.0549686276897265,0.775474507579582,0.503212493784565,0.0164071333630243
"ITGAM",1.15375725602417,3.98426279369604e-05,1.3364613904809,1.1404705879347e-06,1.0875401105365,0.000634155733374775
"ITGAX",0.479541379825357,0.0406115378590857,0.16673429595213,0.485407987679889,0.526818186068273,0.0805485063198963
"ITGB1",-0.127725077180211,0.384200997518787,-0.0278447097528396,0.862402964493065,-0.170946432366732,0.358659904254015
"ITGB2",0.148277534563524,0.363470531425446,0.194300827388243,0.300135032740329,0.261296706381602,0.230426578857103
"ITLN1",-0.279224836587899,0.068868822018122,-0.244842121828321,0.131591390168123,-0.0814091424885923,0.722384734953974
"ITLN2",-0.475440861941776,0.020881526296334,-0.636155280919135,0.000534031597792595,0.0494772064044193,0.868188453395512
"JAK1",0.20689554834329,0.148415284193204,0.0750754409414309,0.634723793290323,0.132029686517289,0.475745939171896
"JAK2",1.76687794368314,1.13964932830161e-10,0.991573918690925,1.86373132767404e-05,1.76351091581453,1.15171889718935e-08
"JAK3",-0.0882824170932359,0.365628546296974,0.0409060359988516,0.739587312103737,-0.0573990460090412,0.646021012791745
"JUN",-0.259866132679894,0.369986210090592,0.615917038598292,0.0461993121215555,0.421860464361053,0.309179491309182
"KCNJ2",1.57867583622985,5.45226885440169e-05,0.744098934130438,0.0450926223294048,1.52737661257285,0.000690763838334126
"KEAP1",-0.161275328046554,0.0325165887417502,-0.040860721683142,0.608027004196689,0.13231536668042,0.341130076609608
"KIR2DL4",-0.147117142855094,0.000838085343910324,-0.0416916931404057,0.344756748179252,-0.118331507340792,0.0179218898839116
"KIR3DL1",-0.070837377374346,0.0399369269283239,0.034588072340342,0.335242556861147,-0.0420517418600443,0.328974653039415
"KIR3DL2",-0.134798068300015,0.194710509540817,-0.00517564892995992,0.974356975861272,-0.037626793275388,0.793900199341305
"KIR3DL3",-0.195027618243816,0.343512120909985,-0.294328911899144,0.151541862549642,0.206587499765248,0.519362075925445
"KIR3DS1",-0.148757092992205,0.000661141242821603,-0.0433316432775168,0.335242556861147,-0.119971457477903,0.0153250611493614
"KIT",-0.203797345893538,0.00930580469141661,-0.0983718961788496,0.243801261357815,-0.0854048153207101,0.38613874419901
"KLRB1",-1.27671460479418,2.08273333557171e-05,-1.23912775081823,1.52239415001349e-05,-0.658041595098025,0.0588715829119001
"KLRC1",-0.291949500151666,0.262782605022027,-0.0349972460987882,0.907951038062681,0.0690695502093712,0.859229743465335
"KLRC2",-0.805686176333591,0.00520428617019167,-0.822228442628351,0.00167154820270045,-0.62023482947427,0.0782996096703347
"KLRC3",-1.2748300299174,7.06670321616652e-05,-0.997206322058274,0.000934315017476253,-0.40940371941574,0.314862213770528
"KLRD1",-0.830534329061607,0.0018688489732397,0.0638561260542208,0.818555103486052,0.0329673787409064,0.929544151045476
"KLRF1",-0.650988261646771,0.0399369269283239,-0.773161390740781,0.0106678028986497,-0.382841122673417,0.337567333217466
"KLRF2",-0.220806241327566,0.000503939081012603,-0.133864677147268,0.0304145640450567,-0.210504491347653,0.00146620349739577
"KLRG1",-0.363475003655264,0.085745189750667,-0.373395090504312,0.0890843549514293,-0.372464879206651,0.11573854442561
"KLRG2",-0.070837377374346,0.0399369269283239,0.034588072340342,0.335242556861147,-0.0420517418600443,0.328974653039415
"KLRK1",-0.894410814803001,0.00123310927913811,-0.149895145717817,0.594964940775924,-0.203782171782981,0.549635949560611
"KNG1",-0.070837377374346,0.0399369269283239,0.034588072340342,0.335242556861147,-0.0420517418600443,0.328974653039415
"LAG3",-0.270900402791841,0.109130211158285,0.256570724044084,0.275246213539809,-0.0329559847791545,0.902319043331679
"LAIR1",-0.35511778053942,0.165936427453762,-0.176439670435199,0.53604536526585,0.225988966092997,0.511653654168958
"LAIR2",-0.21961951498137,0.0588835536117089,-0.120955827226695,0.335242556861147,-0.243902020853988,0.0623318486919983
"LAMP3",-0.0945797594654092,0.00973273063164394,0.0122578021614634,0.758265459174574,-0.0657941239511075,0.134361039554234
"LCK",-0.53270338507344,0.017279756189501,0.123193237170852,0.592126719934939,0.0192240047292511,0.952135199668217
"LCP2",0.732644528751957,0.000493295983500908,0.280405542121601,0.187703287125187,0.437112364426021,0.0789704427716097
"LEF1",-0.900648920245633,0.00671805816930528,-0.78796476602502,0.0124292144811789,-0.675282657215011,0.0921440831499408
"LGALS3",-0.292994729076078,0.435858514915841,-0.0458018489826202,0.91253309529947,-0.259363034874591,0.608268724851515
"LIF",-0.070837377374346,0.0399369269283239,0.034588072340342,0.335242556861147,-0.0420517418600443,0.328974653039415
"LILRA1",0.63314839052093,0.00583836998594746,0.0644273020207926,0.770703464958022,0.729138172655511,0.00930162112162761
"LILRA2",0.911985261272205,0.0727091291741426,0.394150790963312,0.461599388394162,0.964576889062629,0.137414464305703
"LILRA3",0.560733529674053,0.0793230618417263,0.243338690556753,0.474793239797264,0.174272983304267,0.68726730422298
"LILRA4",-0.070837377374346,0.0399369269283239,0.034588072340342,0.335242556861147,-0.0420517418600443,0.328974653039415
"LILRA5",0.62170836036125,0.0839029836334094,0.421126820381581,0.30561858517403,-0.108120947741005,0.832468758726097
"LILRA6",-0.070837377374346,0.0399369269283239,0.034588072340342,0.335242556861147,-0.0420517418600443,0.328974653039415
"LILRB1",1.03157013646096,0.00939528847375314,-0.375613955382505,0.351515384556679,0.747487354471,0.118894220294777
"LILRB2",0.704026473696603,0.0242327259517777,-0.0594106954624554,0.857232241073104,0.572497448077023,0.133436407828995
"LILRB3",-0.0536242776413101,0.479983573055499,-0.0460148846126991,0.546583871092986,-0.122654698813082,0.144437986875987
"LILRB4",-0.070837377374346,0.0399369269283239,0.034588072340342,0.335242556861147,-0.0420517418600443,0.328974653039415
"LILRB5",-0.14819879170942,0.0157161716628586,-0.0288229547867802,0.659479189702009,-0.137897041729508,0.0432822537159245
"LIMK1",-0.070837377374346,0.0399369269283239,0.034588072340342,0.335242556861147,-0.0420517418600443,0.328974653039415
"LITAF",1.02415430046443,0.00748285842148941,1.04108454822604,0.00389146219922693,1.27854830058218,0.00454130315930029
"LTA",-0.100719248075823,0.100526833935474,0.0519968226596381,0.433937539909241,-0.0719336125615211,0.340453392997214
"LTB",-0.285992105953174,0.219614182299208,-0.46585626057697,0.0535136114933569,-0.096138087530969,0.760244918919403
"LTB4R",0.110329194720683,0.64826116282887,-0.154082002559848,0.542581330009046,0.120171634842984,0.716637969917589
"LTB4R2",-0.370134042253182,0.0935879935495295,-0.286487894373806,0.243801261357815,-0.163316634568512,0.598433718311307
"LTBR",0.161053568456147,0.29265431401542,0.105934460886196,0.459736817428596,0.230733936972859,0.317654933584203
"LTF",0.450940513644846,0.350370190923925,1.83971285823866,0.000142660164006928,0.356879932255727,0.587205435215033
"LTK",-0.202695971508129,0.000153521066711613,-0.0972705217934413,0.0676949605918047,-0.173910335993828,0.00266325830069225
"LY96",1.66719307747311,5.53486609854194e-06,1.24682676122466,0.000263950423415558,2.10270935314912,9.79845860690533e-07
"MAF",-0.0106914863969942,0.9642816737696,0.0832107544933534,0.73221267800444,0.00689671399392111,0.977073200189663
"MAFF",-0.275711716422197,0.311128613601651,-0.671598864190234,0.00748352667184713,0.0151820676493291,0.96867892549852
"MAFG",-0.1279833620035,0.164775103308611,-0.018743019089511,0.857232241073104,-0.0540322260156954,0.680092532131174
"MAFK",-0.0899005357167679,0.023989208789094,0.0100864886661185,0.812802615110775,-0.066553325534267,0.166846958536257
"MALT1",-0.498164914994465,0.0470429800013413,-0.37483207636946,0.16220807546062,-0.819239063834535,0.00792691254856496
"MAP2K1",0.123168544393311,0.59343904102728,0.408482966100998,0.0980706698381032,0.0998988875740405,0.749474331028047
"MAP2K4",-0.0987839237682806,0.559919634275328,-0.129015576522178,0.485407987679889,0.115597776726263,0.616252567249103
"MAP2K6",-0.31828747212289,0.191599619655458,-0.536471108494969,0.0249768990765905,0.0959864015902507,0.771954993911205
"MAP3K1",0.0250435902005801,0.874451351501953,-0.38657008317654,0.0077795870050962,-0.157562355065986,0.391438879012258
"MAP3K5",0.635311061468171,9.87122591238915e-05,-0.185666481801666,0.284371811400138,0.184819760608644,0.340453392997214
"MAP3K7",-0.129352963126685,0.376888554463596,-0.111323205270605,0.476972452822032,-0.256208983012477,0.11573854442561
"MAP3K9",-0.171685854338207,0.199861303521401,-0.158837838155969,0.284974203899074,-0.217676682805292,0.179078735679929
"MAP4K1",-0.144739599686769,0.469739776230932,0.210756895812088,0.335242556861147,-0.10864878107172,0.691288563193289
"MAP4K2",-0.00504876545580579,0.980032865366353,-0.270882758943841,0.106039532671439,-0.233968176451,0.26192279987722
"MAP4K4",0.00413951600524776,0.986244811177057,0.304534681220614,0.206450868673888,-0.143677188677952,0.625837800233889
"MAPK1",-0.145420155767363,0.232451106910572,0.0295384648072048,0.830215754747652,-0.317407722744004,0.0364500063289643
"MAPK11",-0.070837377374346,0.0399369269283239,0.034588072340342,0.335242556861147,-0.0420517418600443,0.328974653039415
"MAPK14",0.657712343233861,0.012400774824517,0.324508979987577,0.245645824169456,0.394784832905309,0.232074165528469
"MAPK3",-0.209586074334947,0.209763164917827,0.00205233074840372,0.99441449170235,0.0101799076879914,0.964971776903768
"MAPK8",-0.388128420240986,0.121969140983651,-0.414019672412026,0.122691078450829,-0.650203591903406,0.0124821480338249
"MAPKAPK2",-0.15355803428945,0.389692097438978,0.140393050001348,0.469229259876465,-0.215879328100238,0.341543405661401
"MAPKAPK5",-0.390682500872254,0.134878653344237,-0.424117107638854,0.106039532671439,-0.457933036759169,0.137208625577649
"MARCO",-0.070837377374346,0.0399369269283239,0.034588072340342,0.335242556861147,-0.0420517418600443,0.328974653039415
"MASP1",-0.070837377374346,0.0399369269283239,0.034588072340342,0.335242556861147,-0.0420517418600443,0.328974653039415
"MASP2",-0.129643149390544,0.0292268135147933,-0.0346983396934339,0.577794161998624,-0.131297135407829,0.0443072717037823
"MAVS",-0.070837377374346,0.0399369269283239,0.034588072340342,0.335242556861147,-0.0420517418600443,0.328974653039415
"MAX",0.627123228501471,5.30433599543957e-07,0.412280938310966,0.000312360278295288,0.489990502079088,0.000458915622528971
"MBL2",-0.0564683136956017,0.286633448768732,0.0353216970791133,0.538591729298843,-0.0130890859790442,0.861771867479924
"MBP",-0.0476827042835728,0.446423810870361,-0.0158187730757575,0.816074131055117,-0.0924585872761439,0.230426578857103
"MCL1",1.16171196113346,3.50424860182557e-07,0.427994299076834,0.0388335315381672,0.861372781107406,0.000690763838334126
"MEF2A",1.06889307711113,3.44587697536153e-08,0.192953419090694,0.335242556861147,0.75119235982439,0.000411686285014736
"MEF2BNB",-0.070837377374346,0.0399369269283239,0.034588072340342,0.335242556861147,-0.0420517418600443,0.328974653039415
"MEF2C",-0.129924833529844,0.161115804395527,-0.0966183256759265,0.335242556861147,-0.0525665463414846,0.680092532131174
"MEF2D",-0.387524106349059,0.0399369269283239,-0.358465787989133,0.0618719444719885,-0.324757084560025,0.130498583401939
"MIF",-0.322012140144494,0.130552195063827,0.284436181749912,0.224661203337762,-0.0469658313403318,0.8728181024689
"MKNK1",1.38217072539098,1.42030744952511e-10,0.453321130753464,0.0152860736001171,1.01213434625587,9.01547299018356e-06
"MME",0.338388279973326,0.329451076264661,-1.53734016165305,3.91185276155444e-06,-0.456036256678271,0.328974653039415
"MMP3",-0.076172562585854,0.0347316074598998,0.029252887128834,0.421188072295722,-0.0473869270715523,0.309179491309182
"MMP9",-0.182187176611073,0.589034001220296,0.284252227663655,0.436104224826359,-0.274195165217677,0.546533576910375
"MPPED1",-0.070837377374346,0.0399369269283239,0.034588072340342,0.335242556861147,-0.0420517418600443,0.328974653039415
"MR1",1.53207422771362,5.71398329337366e-10,0.696237177980588,0.000313251782644919,1.71275114421136,5.73150084630657e-08
"MRC1",-0.0901955477812413,0.0399369269283239,0.0152299019334468,0.758265459174574,0.00372411572657949,0.954561846584091
"MS4A1",-0.781630824361415,0.0605986038608098,-1.3135777297001,0.00162450323739039,-1.62817712008462,0.0013474968317784
"MS4A2",-0.263135193657065,0.357093605293588,-0.455381022439678,0.0980706698381032,-0.146306728017932,0.7099720150335
"MSR1",0.0218787032101062,0.836649416569027,0.100160087066305,0.310605902443761,0.090651120334547,0.47110421267865
"MUC1",-0.164034719609419,0.469739776230932,-0.197626058692011,0.382148948512395,0.199891435946167,0.575140054643604
"MX1",4.47135806859496,1.03244049488818e-21,3.02644770474507,3.99101590287196e-16,4.05274480093998,1.14740885230768e-16
"MX2",3.53888590154192,3.06636082164955e-19,2.09044762408516,3.98339849414326e-12,3.03094915036159,6.03786570857206e-14
"MYC",-0.413608881924741,0.127017495370975,0.106581518048412,0.735447592344751,-0.213651984081141,0.549635949560611
"MYD88",1.31462561877031,3.9257096371608e-08,0.800500988763012,0.000194730437522093,1.16488528915691,1.25608918908472e-05
"MYL2",-0.070837377374346,0.0399369269283239,0.034588072340342,0.335242556861147,-0.0420517418600443,0.328974653039415
"NCAM1",-0.466937830953985,0.0806838510043394,-0.502407213682168,0.0629313062231879,-0.100636640946961,0.804579001734906
"NCF4",0.211351281538624,0.288859598223177,-0.0520123771838019,0.796702887028235,0.216087313697346,0.406816735286184
"NCR1",-0.103810089332621,0.0293373933966701,0.00161536038206744,0.978772234447068,-0.00989042582479982,0.877942581433809
"NEFL",-0.0526679412738771,0.147294499956929,0.0204793809012065,0.592085867286476,-0.056160433299179,0.218262836251273
"NFATC1",-0.218943613231085,0.285050238909619,-0.530709679976069,0.00638473243191503,-0.334622634508333,0.207855421927327
"NFATC2",-0.258546366155613,0.268489698328125,-0.333276283189861,0.171488019258699,-0.185547460910994,0.549015174191689
"NFATC3",-0.495263711737827,0.018137082838491,-0.102213826322757,0.645531434859647,-0.363609662169962,0.155578743701932
"NFATC4",-0.170445453660324,0.180744036049876,-0.150207843903956,0.310605902443761,-0.124731043751425,0.435077918198535
"NFE2L2",0.253053289092641,0.0583150186767049,-0.00200348694132835,0.994100706216833,0.365431736571606,0.0260041603539566
"NFIL3",0.923978323650758,0.00488782097067797,0.368962683650858,0.296059776097567,0.459331543869785,0.2665841901537
"NFKB1",0.205777237360905,0.31319728835201,0.377935936968644,0.0789450104056717,-0.0269717454897922,0.929544151045476
"NFKB2",-0.143395977310098,0.516192866834112,-0.165322418281601,0.485407987679889,-0.111414446336837,0.720470963341127
"NFKBIA",0.53580178066893,0.0336818022110499,1.35945534738125,1.39969735090375e-07,0.802339266140898,0.00641140993282929
"NFKBIZ",0.0903789130814481,0.658983082551246,-0.0194753752130268,0.936131053051322,0.0921359396408441,0.736312979786017
"NLRP3",0.31808636791956,0.085745189750667,-0.20417465278597,0.203718309238567,0.0617212566514969,0.795476980487789
"NOD1",0.0448989650929867,0.814993801243918,0.0413264139623069,0.831456031090213,0.0218730615075398,0.938976404572168
"NOD2",0.573154392727789,0.000817461564370255,-0.034980096302613,0.848380574279237,0.675628686285201,0.000574049633170579
"NOS2",-0.070837377374346,0.0399369269283239,0.034588072340342,0.335242556861147,-0.0420517418600443,0.328974653039415
"NOTCH1",0.0661325797547301,0.614021649619204,-0.116392349007369,0.335242556861147,0.100374164458154,0.613106183471594
"NOTCH2",0.439025708260287,0.0161064534678774,-0.126543976345937,0.493417245878526,0.328707883240387,0.137414464305703
"NOX1",-0.449817862497135,0.15411203903962,-0.794145517347952,0.0046027639537328,-0.536600855960375,0.174289687014428
"NR3C1",-0.235532881488,0.121480245405581,-0.640719738529443,3.75422183984102e-05,-0.530917621442649,0.00454130315930029
"NT5E",-0.411711039799622,0.11067286476181,-0.433465489088102,0.0877385093560018,0.0772357271525097,0.847708981583081
"NUP107",-0.454909206548187,0.0475807235998355,-0.25893000421368,0.323057346458792,-0.265255733144548,0.358659904254015
"OAS1",4.4931016913564,3.06636082164955e-19,2.99158952142972,1.85998237798319e-13,4.06314722167453,7.10679562168204e-15
"OAS2",3.9419263009411,2.05708685185283e-21,2.27456062672414,1.82095131781548e-13,3.23464880747988,1.98694063465466e-15
"OAS3",3.34257666504466,2.04476291025826e-18,1.76466904403833,1.24476619417321e-09,2.64171017305876,1.9242995913205e-12
"OASL",3.49281727422685,7.37903229974327e-19,2.23218462301381,1.70480512674892e-12,3.37917921201938,2.31095459962588e-15
"OAZ1",0.336286241597358,0.327216825284786,0.0301460883106408,0.940435266333014,-0.462988768741871,0.314862213770528
"OXER1",-0.115121450993724,0.00488782097067797,-0.00969600127903636,0.822117626553206,-0.0863358154794227,0.0733404367929269
"PAX5",-0.11652353249622,0.11267081519582,-0.043055279639538,0.594986666900509,-0.130257946547355,0.132262253197019
"PDCD1",-0.070837377374346,0.0399369269283239,0.034588072340342,0.335242556861147,-0.0420517418600443,0.328974653039415
"PDCD1LG2",0.594566191056528,0.000665873622693405,0.417458181752814,0.0028036466195822,1.04309901774003,1.85345635199098e-05
"PDCD2",-0.070837377374346,0.0399369269283239,0.034588072340342,0.335242556861147,-0.0420517418600443,0.328974653039415
"PDGFA",-0.070837377374346,0.0399369269283239,0.034588072340342,0.335242556861147,-0.0420517418600443,0.328974653039415
"PDGFB",-0.429224459234685,0.0896671526395992,-0.966561028903532,6.64456125295591e-05,0.188927913227442,0.569094471348372
"PDGFRB",-0.207368355368969,0.145843642246457,-0.0250734458957478,0.876028535277099,0.0879392610233429,0.743869880411968
"PECAM1",-0.283482664685907,0.137446070920943,0.163573298516576,0.422127543990757,-0.0451021648246108,0.866538918671626
"PIGR",-0.070837377374346,0.0399369269283239,0.034588072340342,0.335242556861147,-0.0420517418600443,0.328974653039415
"PIK3C2G",-0.070837377374346,0.0399369269283239,0.034588072340342,0.335242556861147,-0.0420517418600443,0.328974653039415
"PLA2G2A",-0.070837377374346,0.0399369269283239,0.034588072340342,0.335242556861147,-0.0420517418600443,0.328974653039415
"PLA2G2E",-0.127904177655771,0.072343107593948,-0.0137456354277381,0.859437127628189,0.00336108184504891,0.976792355363956
"PLA2G4A",-0.104895670482025,0.586782859136409,-0.22278204943446,0.247995008044083,0.0533080822363896,0.859215128760643
"PLA2G6",-0.0775214143790661,0.0399369269283239,0.0114764599875521,0.776195122118949,-0.0651633542128334,0.145068099307799
"PLAU",-0.123782759146504,0.0233354398721489,-0.0444543741828545,0.422329807291166,-0.121094188383241,0.0432398433029882
"PLAUR",-0.0841692090249992,0.262736881275259,0.124008018744055,0.18676947814178,-0.0553835735106976,0.574839061517228
"PLCB1",-0.070837377374346,0.0399369269283239,0.034588072340342,0.335242556861147,-0.0420517418600443,0.328974653039415
"PMCH",-0.070837377374346,0.0399369269283239,0.0360001842525266,0.335242556861147,-0.0420517418600443,0.328974653039415
"PML",1.18344317036827,5.51299866548619e-10,0.350754490258329,0.0314752990107519,0.890768273414768,2.54011476493608e-05
"POLR2A",0.341897333475446,0.0399369269283239,0.460398707828224,0.00487275683837726,0.418293740975081,0.0407746918162848
"POU2F2",-0.108231733744253,0.675381229883853,-0.270733873732336,0.30696084298995,-0.440074240011755,0.0765991339456079
"PPARG",-0.0497789944130584,0.180698985716538,0.0345880723403393,0.362505014090627,-0.0420517418600435,0.352753782696007
"PPBP",-0.0238783638703879,0.958837602655307,0.376716732069179,0.375377371954077,0.639826119005299,0.235014583757429
"PPIA",-0.139052969767926,0.422066205963277,0.409420661706665,0.0215435428358559,-0.40653836321235,0.0588715829119001
"PPP1R12B",-0.070837377374346,0.0399369269283239,0.034588072340342,0.335242556861147,-0.0420517418600443,0.328974653039415
"PRDM1",0.488884047472361,0.0240675852399358,0.0137942649021792,0.958727938233837,0.449148668979355,0.0836971076154814
"PRF1",-0.504614105585423,0.143297744288491,0.964430962783725,0.00463123387864033,0.203566168276661,0.656597071974285
"PRG2",-0.0973078200866473,0.356139248744399,0.251284740033419,0.0839914941618136,-0.0685221845723456,0.621944017678616
"PRKCA",-0.425881384859236,0.0565822881731727,-0.361132541974627,0.120961864064079,-0.0511850788731074,0.876401346145624
"PRKCB",1.03587135378385,1.26235043733346e-06,0.719895231728014,0.000250062607112963,0.697584016216021,0.00360663443052616
"PRKCD",0.73016448267936,0.00138552151759762,0.353213733838988,0.124393492316866,0.666451156505774,0.0117411143744455
"PSMB10",0.83145217631103,1.52462877954392e-07,0.446871348482084,0.00207325506303857,0.631774372037258,0.000310325129738192
"PSMB5",0.094947237515381,0.488261378972007,0.0561563509250931,0.73221267800444,0.261883548178307,0.142061851788657
"PSMB7",-0.185925546724606,0.259121219242276,0.434843160234145,0.0082172021952116,-0.108334471806723,0.620963499306825
"PSMB8",1.38766804224197,1.42030744952511e-10,0.986116397041298,3.0393755718329e-07,1.31111782090174,4.07083115351425e-08
"PSMB9",1.19159475543759,3.01678161200914e-08,0.882559982930124,6.30846510400194e-06,1.1190677738332,3.91436706988037e-06
"PSMC2",0.260239665586477,0.0599201332185649,0.41906285287569,0.00225777746725306,0.322380681342091,0.060234882416772
"PSMD7",0.113003134609269,0.39065920047384,0.408970099018752,0.00215649476339179,0.295813475816473,0.0770683720995313
"PTAFR",-0.392178749379065,0.130552195063827,-0.657988021688861,0.0049910427195451,-0.885996986164088,0.000204724117249122
"PTGDR2",-0.124437703703534,0.0311473455758587,0.0118729799026784,0.848380574279237,-0.0956520681892323,0.162890108504164
"PTGER1",-0.070837377374346,0.0399369269283239,0.034588072340342,0.335242556861147,-0.0420517418600443,0.328974653039415
"PTGER2",-0.0554995712353126,0.343072669195044,0.0333060143727621,0.588450557055065,-0.0660377428082111,0.340453392997214
"PTGER3",-0.151298503887095,0.0600029936494912,-0.0828140294921935,0.335242556861147,-0.085693972072538,0.365445277938608
"PTGER4",-0.144354066208567,0.586997456785853,0.172136235405068,0.561378028599969,-0.343259611406859,0.328974653039415
"PTGFR",-0.343850238596638,0.213712972373872,-0.648114663193144,0.00935089776299388,-0.200964415133,0.589917179766131
"PTGIR",-0.272181641092905,0.356605719174088,-0.68412480198193,0.00894205225355883,0.0603236705076551,0.883003874278481
"PTGS1",-0.0612505641156353,0.611282175105944,0.285056472321217,0.0836612103123998,-0.00591124145104693,0.970389004083629
"PTGS2",-0.22508022055773,0.592375587780619,-0.253660260050932,0.588450557055065,0.0273942187358731,0.964844024517474
"PTK2",0.0366763682465923,0.89212035605094,-0.393120050597614,0.134656573856523,0.124467725934046,0.708049174636876
"PTPN2",1.00695000808826,1.24541295506963e-05,1.04562876385842,2.46760056359962e-06,0.926522370244722,0.000403442144063621
"PTPN22",-0.672369460285395,0.00550758016873648,-0.0537203877253756,0.831456031090213,-0.729563503592455,0.0102327402423767
"PTPN6",0.172689478925363,0.213712972373872,0.0633853032133871,0.691411269003447,0.229624401656242,0.213064251760155
"PTPRC",0.152921722805472,0.306201303619161,0.0767213312885371,0.64572367162241,0.00526495076350031,0.977073200189663
"PYCARD",0.975522616075951,0.000428697735441405,1.12152383819192,2.36176240314042e-05,1.20001991202165,0.000202217016220003
"RAC1",0.361518793118929,0.00469119182570172,0.378093352614172,0.00176929556578925,0.397872151066629,0.00722327004144144
"RAF1",-0.200590272327524,0.31269557961982,-0.329358096439856,0.120961864064079,-0.058967529748605,0.833874374735088
"RAG1",-0.070837377374346,0.0399369269283239,0.034588072340342,0.335242556861147,-0.0420517418600443,0.328974653039415
"RAG2",-0.070837377374346,0.0399369269283239,0.034588072340342,0.335242556861147,-0.0420517418600443,0.328974653039415
"RAPGEF2",-0.0955480782510687,0.0496621736509656,0.00987737146362022,0.854762913035457,0.0145755458645453,0.836961170119833
"RARRES3",1.84881147747481,1.01541752974768e-06,2.154601269928,1.21552342685053e-08,2.56562140874434,4.00006947168673e-08
"RELA",-0.070796041445166,0.114146678150229,0.0165341802506944,0.746517400758075,0.00502839404382538,0.942016743078054
"RELB",-0.107119877425069,0.379238915711069,0.185859799171006,0.281435159057339,0.0763778377089022,0.722371762364536
"REPS1",-0.326550260561705,0.0862365395532582,-0.164431062955609,0.416433813051729,-0.0891931784334972,0.722371762364536
"RHOA",0.225039501957497,0.103026993179797,0.44302867094683,0.00133741109333744,0.173029176282423,0.328974653039415
"RIPK1",0.796180312085069,6.85581366945733e-06,0.468441584566222,0.00470492839654555,0.776294085595428,0.000124793623193689
"RIPK2",1.50453728117251,1.74103726786043e-08,0.841075324885625,0.000490370529241351,1.33396608382717,7.04593680642316e-06
"RNASEL",0.56507063153137,0.0323782874507038,0.0948306871297824,0.735447592344751,0.650670143512563,0.0411813538613625
"ROCK2",0.608586332509393,0.00583836998594746,0.0344001620876959,0.88283439608757,0.727401307634551,0.0040735336360031
"RORC",-0.154723148730743,0.000738133556064653,-0.049297699016055,0.319969072537015,-0.125937513216441,0.0153250611493614
"RPS6KA5",0.463538644315248,0.0259765438911473,-0.283165013111697,0.189929654293835,-0.230112141762108,0.357624004956817
"RRAD",-0.060553543177698,0.151760265085353,0.0152299019334441,0.747118734081589,-0.0614099122669387,0.250227203355236
"RUNX1",-0.0941502310447753,0.557145196060378,-0.106679713817682,0.547112710444009,0.178762885036885,0.380558404577947
"S100A8",1.93503836939317,0.000534176570656389,3.84960406692046,4.58560151049747e-10,2.82363823734267,4.208917176469e-05
"S100A9",2.02316709389922,0.000224757787093693,3.51028327919325,1.16179939151445e-09,2.83438547117773,2.02464875069136e-05
"S1PR1",-0.714004320556889,0.00342605647609229,-0.485132597917946,0.0384186817903016,-0.515466247626209,0.0770683720995313
"SDHA",-0.0887224094036139,0.642050148069615,0.0908166806450161,0.677232009662585,-0.0901175631168556,0.723806565830853
"SELE",-0.070837377374346,0.0399369269283239,0.034588072340342,0.335242556861147,-0.0420517418600443,0.328974653039415
"SELL",1.3170416246212,2.6327260672037e-05,0.832577135204785,0.00368432503012933,1.01664956961586,0.0045489224765723
"SELPLG",0.263350537545426,0.219908992416291,0.212972966132995,0.353109004141724,0.38115068993933,0.170260369951
"SERPING1",0.305529762730355,0.0776650690793959,1.16188927819463,1.64362287096067e-08,1.62496559965695,1.07573698893104e-07
"SH2D1A",-0.563787943448281,0.0336818022110499,-0.179934822078254,0.523600521472293,-0.653725831012702,0.029507095513792
"SHC1",0.136285125606095,0.285050238909619,0.123889442337914,0.360087687301135,0.463763613158816,0.00266325830069225
"SIGIRR",-0.521869604994896,0.0355400983262737,-0.612547745890875,0.00706569583814607,-0.496320757270421,0.091920636156562
"SIGLEC1",0.438901123531897,0.000536742334631842,0.0413503227762559,0.454311143723438,0.236614317444693,0.119946048236001
"SIRPA",0.34001247140602,0.110504470369912,-0.0223300459405618,0.927605645724062,0.156370637369886,0.576302073367427
"SKI",-0.420696640615878,0.137485814086391,-0.539019050847663,0.0457471288479616,-0.314258298006896,0.383593484504451
"SLAMF1",-0.215788686539095,0.104235987106372,-0.085014266287204,0.558587296842293,-0.220604103702244,0.132833685970221
"SLAMF6",-0.385969383015329,0.143550647624194,-0.407440683292727,0.129224371499805,-0.321495252078492,0.328974653039415
"SLAMF7",0.395811089996268,0.164116561408375,0.232477683862809,0.443561176712657,0.122368659846609,0.746380767602857
"SLC2A1",-0.261041329934747,0.21155948990225,-0.129073841905412,0.58602209184175,0.20127655899724,0.499058105033493
"SMAD2",-0.193494185900423,0.121777742718472,-0.184779241108137,0.171226951713546,-0.196609462189247,0.232973149649586
"SMAD3",-0.247990904137136,0.298601326995908,0.0686426966026925,0.804157899706408,-0.034565534808765,0.92171198062338
"SMAD5",0.00330466341155056,0.977730783155802,0.0322388635108188,0.747739142334438,0.12205102211851,0.340453392997214
"SMAD7",-0.220689365103767,0.363599170544636,-0.673825667016222,0.00239877951759815,-0.0617939304245496,0.860365622232876
"SMPD3",-0.061468830419777,0.100520684860387,0.0292528871288296,0.456803947784047,-0.0473869270715523,0.328974653039415
"SOCS1",1.55831038474861,8.52884034325814e-10,1.14143964305924,2.8574795106677e-07,1.90395091375605,3.92405667843658e-09
"SOCS3",0.577716424818629,0.0196479571781056,0.589562158224783,0.00936736941830514,0.766944299446252,0.0142950272142174
"SPP1",-0.107552035729411,0.00775757983261754,-0.0021265860147226,0.967926538871521,-0.078766400215109,0.102983856943076
"SRC",-0.108247106577771,0.641157501436514,-0.257661295019233,0.310455520436984,0.466430311959673,0.132833685970221
"STAT1",1.82312418131008,2.05480473395244e-16,1.40267672006755,1.26128299005794e-12,1.77332350841262,2.06621576195017e-13
"STAT2",2.48341865692289,2.45340817375048e-14,1.64905289035226,1.64199001658428e-09,1.91020488344404,9.6638891661453e-09
"STAT3",1.0819821033166,1.59402527604028e-07,0.663694991872887,0.000369816380680769,0.867019126335391,0.000176400890718877
"STAT4",-0.4016374201035,0.11018191219027,-0.312976793144715,0.260466900877099,-0.176528321053991,0.604399341679934
"STAT5A",0.625115908569297,0.001324775968701,0.427891975695948,0.0219229080197465,0.527619642034376,0.0205120584557205
"STAT5B",0.225999271404868,0.29265431401542,0.129744676060426,0.58602209184175,0.275882309003551,0.328974653039415
"STAT6",0.180910067894667,0.299434263568433,0.231838562343558,0.230467287612196,0.268053963012097,0.250868117799586
"SYK",0.480094785136467,0.0188664882938391,0.0682192140347997,0.758265459174574,0.266435062284522,0.314862213770528
"SYT17",-0.070837377374346,0.0399369269283239,0.034588072340342,0.335242556861147,-0.0420517418600443,0.328974653039415
"TAGAP",0.805517001107768,0.000661141242821603,-0.164419161009153,0.485407987679889,0.457803224941946,0.107619280800281
"TAL1",-0.109920373120048,0.61983062305422,0.0957930325039014,0.739587312103737,-0.129891943772559,0.67180325416343
"TAP1",1.62871347233682,1.1660498420727e-10,1.26900555190081,2.56328036908344e-08,1.6611084256661,7.32691232505936e-09
"TAP2",0.74579352573899,5.16939332650538e-06,0.198406379192399,0.151306710626137,0.784267530986457,0.000131232170342775
"TAPBP",0.794671927094866,9.95370606833641e-07,0.771125136427759,8.38377617833853e-07,0.67339913169319,0.000210674934894818
"TARP",-0.8513694797313,0.00342605647609229,-0.338990491833831,0.264472668399911,-0.251584436392978,0.474726439152148
"TBK1",0.640663659148149,0.000738133556064653,0.30527187810241,0.109817369171432,0.661149761138974,0.00240252694634131
"TBP",-0.238587388576428,0.261877104940799,-0.0722487400556107,0.777021496431208,-0.243735240504694,0.328974653039415
"TBX21",-0.209670967182806,0.390455705201482,0.0589003545214126,0.831456031090213,-0.292158877384592,0.346400295429072
"TBXA2R",-0.070837377374346,0.0399369269283239,0.034588072340342,0.335242556861147,-0.0420517418600443,0.328974653039415
"TCF4",0.18011544142966,0.510002047628198,-0.874912809560411,0.000578916897911568,-0.637468048573984,0.0586110227151468
"TCF7",-0.155329136998106,0.000661141242821603,-0.0499036872834182,0.310411147089848,-0.126543501483805,0.014578120008509
"TFRC",-0.127855140772855,0.151760265085353,0.179940678321681,0.105422192548569,-0.0990695052585533,0.364259845599712
"TGFB1",-0.0571478118260806,0.675782302985736,0.466418388283648,0.0007728710010523,0.363025345777821,0.0357849277010913
"TGFB2",-0.367383363967838,0.195724774297786,-0.39974917546411,0.187102126040884,-0.426370316686917,0.18118792086038
"TGFB3",-0.294942336432211,0.000420100920737132,-0.203244426601095,0.0124292144811789,-0.27988424080148,0.00120251385483675
"TGFBI",0.473294552870705,0.154423916166007,-0.0016148318205218,0.997294443090473,0.52747069299261,0.232165239104966
"TGFBR1",-0.526771501914229,0.0147969398591479,-0.961199859088639,5.53036794181554e-06,-0.877944508917064,0.000421732554057012
"TGFBR2",0.000674439980324237,0.996498390524567,-0.0551705214189226,0.788704384244891,-0.23456167079538,0.328974653039415
"THBS1",0.395167024594258,0.454319322533372,1.35068142636169,0.0128297851787603,0.76296933742997,0.301914429650598
"THY1",-0.233411484706564,0.0334797463777559,-0.139936294748633,0.236151822155762,-0.239451642044069,0.0399665468772716
"TICAM1",-0.046679577046226,0.240225475272743,0.034588072340342,0.409363333712071,-0.0420517418600435,0.395358976581119
"TIGIT",-0.30312985165309,0.201686644218192,-0.0421972777917219,0.882283364469617,-0.264762615033979,0.340453392997214
"TIRAP",-0.376222227921351,0.0931427060795261,-0.479634924380163,0.0250553911509142,-0.0865434516953165,0.789677367078033
"TLR1",0.686781306525868,0.0166297091567135,-0.0902312882256346,0.769621450295058,0.485529095744873,0.166615490384865
"TLR2",1.29105374791443,0.000211530221001601,0.50178093553169,0.146927877747706,1.32774717170749,0.000973133080956973
"TLR3",1.43433713251844,1.8902322997039e-08,0.825979004849978,0.000109998464434498,1.89806572428381,1.10466063844459e-08
"TLR4",1.4109327225554,2.60902224168979e-05,0.342971497971742,0.324123902743856,0.967679600573693,0.0117500116405387
"TLR5",0.555443039391134,0.0593181578902392,0.0120918520707747,0.974879525904293,0.600226798459842,0.106412521748565
"TLR6",0.895716957475242,0.0159674286007131,-0.359696890072716,0.335242556861147,0.690836520904316,0.127397239277062
"TLR7",0.238523439533403,0.00721897658557747,0.0299170785940737,0.600088639701474,0.00479945145134764,0.955294408772408
"TLR8",0.309231246427069,0.28523519384794,-0.387376621466959,0.222911081672246,0.382061053127323,0.328974653039415
"TLR9",-0.364214987022104,0.0130371069346271,-0.328104051495567,0.0227260057406254,-0.254640221264164,0.130377247472644
"TMEM173",0.276522300308113,0.0932610088007443,0.519551975218729,0.00161009968162848,0.684830951587919,0.000572561241845997
"TNF",-0.152667291856037,0.0833823967813999,-0.0367742004957892,0.719323619418971,-0.0435266367591716,0.718044165032905
"TNFAIP3",0.515375543608011,0.0659090853824519,0.629873718071998,0.0253322666624781,0.670671676685226,0.056369921437298
"TNFAIP6",2.62180385058407,8.07826267488233e-08,1.98446592076648,1.00237637064966e-05,3.1640521954187,4.07083115351425e-08
"TNFRSF11A",-0.243732176120737,0.0399369269283239,-0.159232593615763,0.219156899900506,-0.172379673778268,0.221997702838375
"TNFRSF13B",-0.070837377374346,0.0399369269283239,0.034588072340342,0.335242556861147,-0.0420517418600443,0.328974653039415
"TNFRSF13C",-0.586940293330041,0.0290919478202836,-0.635748864694659,0.0124448676744226,-0.542252511678624,0.0703783882269133
"TNFRSF14",-0.0609667875370521,0.805505731798261,-0.388723689805373,0.0669205509079788,-0.180296562553401,0.528522635391639
"TNFRSF17",-0.442443924881996,0.0347316074598998,-0.367786197052794,0.0873837663654665,-0.523806818467429,0.0153250611493614
"TNFRSF18",-0.153007891001174,0.0394612181794361,-0.0540768534114067,0.485407987679889,-0.15612045739274,0.0588715829119001
"TNFRSF1B",0.834191878614362,8.50198382631709e-06,0.535093864236416,0.00224242335225663,0.830058142723233,0.000104727038106511
"TNFRSF4",-0.0811925642585996,0.454409851684933,-0.0357634256179065,0.775878355077364,-0.0807144132423749,0.544676412779019
"TNFRSF8",-0.101185645916099,0.00633927300140134,0.00423980379858868,0.91253309529947,-0.0724000104017977,0.098898307358533
"TNFRSF9",-0.0486988801825108,0.349240263844574,-0.0132909585888026,0.812802615110775,-0.0899307727891845,0.137414464305703
"TNFSF10",1.99804616634424,2.84089762864479e-09,0.732110535899141,0.0136040364878342,2.03660382413922,6.61586672591848e-08
"TNFSF11",-0.070837377374346,0.0399369269283239,0.034588072340342,0.335242556861147,-0.0420517418600443,0.328974653039415
"TNFSF12",-0.0804810774491669,0.12472743930737,0.0145365073011616,0.809016634506586,-0.095992041411253,0.127397239277062
"TNFSF13",0.448161429680072,0.137446070920943,-0.0239115127427159,0.948122001327974,0.765783173520093,0.0399665468772716
"TNFSF13B",2.85120248987135,7.27372064388945e-15,1.31176293440137,2.19387147395187e-06,2.22038433195005,3.3774932959751e-09
"TNFSF14",0.450023251838027,0.0781014589319436,-0.395407522059893,0.0817710276316488,0.238787794265846,0.471019641137507
"TNFSF15",-0.279420095222553,0.00755026739107047,-0.186992758734334,0.0811156670270353,-0.124338530515914,0.346400295429072
"TNFSF18",-0.12176355874363,0.00194359854675788,-0.0163381090289416,0.701642043165209,-0.092977923229328,0.0394378224999488
"TNFSF4",-0.510573112322838,0.0635672862400421,-0.398068686194264,0.187703287125187,-0.414386170589037,0.252802179043908
"TNFSF8",0.766779002694925,0.00219529123171261,-0.137328967961831,0.594863991404814,0.353179422600128,0.268441555022431
"TOLLIP",-0.199489215060373,0.329451076264661,-0.614239016614832,0.00319943057790497,0.290840324036878,0.301296046514408
"TP53",-0.134604172985425,0.0840223361167675,-0.0358099460034698,0.685544886066206,0.0470011162355624,0.720470963341127
"TPSAB1",-0.070837377374346,0.0399369269283239,0.034588072340342,0.335242556861147,-0.0420517418600443,0.328974653039415
"TRADD",-0.295052568961372,0.256911308910227,-0.775411995938105,0.00290728007145732,0.375304049957178,0.278194651714226
"TRAF1",-0.346925078734404,0.135839520416187,-0.379049507937935,0.115246645280074,-0.0696781787432945,0.833874374735088
"TRAF2",-0.177978077912591,0.236723568563237,-0.0548532633745173,0.758265459174574,-0.111362371879006,0.612302501659257
"TRAF3",-0.378245366328263,0.0668662597035434,0.179990379792413,0.413165659071611,-0.0978736679325767,0.721028362151069
"TRAF4",-0.266493780967003,0.300064484828312,-0.310503893600129,0.252032955396897,-0.361836716698014,0.207724547413473
"TRAF5",-0.394954833823958,0.0592420948717947,-0.214672372976066,0.335242556861147,-0.580833538567289,0.0229825142418468
"TRAF6",-0.077129275910524,0.485592305787333,-0.0151464632485911,0.896817549837164,-0.189415742542459,0.105487515706437
"TREM2",-0.070837377374346,0.0399369269283239,0.034588072340342,0.335242556861147,-0.0420517418600443,0.328974653039415
"TRIM39",-0.165197575844749,0.470830532037183,-0.422626438147384,0.0493783473676463,-0.342678008860754,0.212688881638042
"TSLP",-0.070837377374346,0.0399369269283239,0.034588072340342,0.335242556861147,-0.0420517418600443,0.328974653039415
"TUBB",-0.471214692718855,0.045533946613127,0.652848628992214,0.00461932849620961,-0.0228152866998119,0.949002191683948
"TWIST2",0.744933005958793,7.65395135914972e-05,0.264232734836034,0.0249959767860779,0.995275265461938,0.00012029513252397
"TYK2",0.0139029741291683,0.92143201566137,-0.0900855139498127,0.50818333630965,0.126691536081816,0.423511814906523
"TYROBP",0.167003492252872,0.559919634275328,-0.416499173766827,0.180088752881591,0.0298270885819232,0.946217591331248
"UBB",0.379495953624657,0.327923650708785,-0.66897872328771,0.0924712381123258,-1.0554788129267,0.0216032325580528
"UBE2L3",0.175826807855948,0.171307142895335,0.529816317934515,5.13229919834662e-05,0.47257918104865,0.00274122494762169
"USP9Y",-0.194721125094482,0.1151305653223,0.102979268376801,0.433629707883246,-0.0744844543338647,0.651435736991044
"VCAM1",-0.2050233216926,0.121969140983651,-0.130072702809495,0.362558821634952,-0.140854458582421,0.397913257714984
"VTN",-0.127862655874506,0.00375103008547328,-0.0224372061598181,0.625167137684739,-0.0990770203602045,0.052392589485165
"XBP1",0.523160639900103,0.00262476874920385,0.703212877304104,2.59688387609931e-05,0.582274358040076,0.00368442996662113
"XCL1",-0.331143916451095,0.121969140983651,-0.295197600743871,0.202763890730693,0.27942566483095,0.338338891603956
"XCR1",-0.555697159046851,0.0734490336246897,-0.771336964028903,0.00569686201154619,-0.271060571323823,0.516130506875374
"ZAP70",-0.0372719498510961,0.649920795096173,-0.0145723048611739,0.862402964493065,-0.118528407898227,0.229574744072985
"ZBTB16",-0.070837377374346,0.0399369269283239,0.034588072340342,0.335242556861147,-0.0420517418600443,0.328974653039415
"ZEB1",-0.00567218837099759,0.980032865366353,-0.0259384801059586,0.91253309529947,0.125425801389957,0.663452669780563
"ZNF205",-0.131880931344575,0.024787965633337,-0.0282568395407576,0.652653963766631,-0.0152897586826146,0.866538918671626
